,,C,,,,,,,,,,,,,,,,,,,,,,,,,,,,,,,,,,,,,,,,,,,,,,,,,,,
,,PROPIETARIO,COMENTARIOS,DEPARTAMENTO,PROYECTO,N° DE EJES,N° DE LLANTAS,CAPACIDAD DE TONELADAS,COLOR,TIPO DE EQUIPO,MARCA/ MODELO,AÑO,No. SERIE,PLACAS,# DE MOTOR ,#DE TARJETA DE CIRCULACION ,FECHA DE EXPEDICIÓN,PERMISO SCT,REGISTRO CAAT      (FOLIO),FECHA DE VIGENCIA,MODALIDAD,,FISICOMECANICO,VIGENCIA,,NO CONTAMINANTES,VIGENCIA,FOTOS DE UNIDAD,CAPACIDAD DE GRUA,CERTIFICADO GRUA (VIGENCIA),PERMISO DE LA ASEA RESIDUOS PELIGROSOS,VIGENCIA DE PERMISO ASEA RP,PERMISO DE LA ASEA RESIDUOS MANEJO ESPECIAL,VIGENCIA DE PERMISO ASEA RME,ASEGURADORA,VIGENCIA DE POLIZA DE SEGURO,NÚMERO DE PÓLIZA 2024-2025,TMDB SCHLUMBERGER 2025,TMDB FONTIS ENERGY 2025,TMDB BAKER 2025,BAKER Pozos Terrestres 646203846,MUELLE M6 PEMEX COATZACOALCOS,REGISTRO SACC     HOKCHI,PASE API CARMEN (VIGENCIA),REGISTRO PIS ASIPONA DBCA,REGISTRO PIS ASIPONA COATZA,PASES MUELLE DE PEMEX CARMEN (VIGENCIA),SLB CONTRATO 646203856,SLB CONTRATO OPEX/IXACHI 641002831,"CONTRATO 
ACREF TERRESTRE DESAROLLO IMPACT 646203845","CONTRATO 
ACREF TERRESTRE EXPLORATORIO 646203836",CONTRATO ACREF TERRESTRE EXPLORATORIO 646203838,CONTRATO ACREF MARINA 646202860
,,,,,,,,,,,,,,,,,,,,,,,,,,,,,,,,,,,,,,,,,,,,,,,,,,,,,
,,,,,,,,,,,,,,,,,,,,,,,,,,,,,,,,,,,,,,,,,,,,,,,,,,,,,
N° ECONÓMICO,,,,,,,,,,,,,,,,,,,,,,,NOM-068-SICT,,,NOM-167-SEMARNAT,,,,,,,,,,,,,,,,,,,,,,,,,,,
,,TRACTOCAMIONES BASE CARMEN                                                                                                                                                                                                                               TRACTOCAMIONES BASE CARMEN                                                                                                                                                      TRACTOCAMIONES BASE CARMEN                                                                                          TRACTOCAMIONES BASE CARMEN                                                                                                                                    TRACTOCAMIONES BASE CARMEN                                                                                                                          ,,,,,,,,,,,,,,,,,,,,,,,,,,,,,,,,,,,,,,,,,,,,,,,,,,,
,T-04,GMG,,LOGISTICA,GMG,3,10,26 TONS,ROJO,TRACTOCAMION,KENWORTH T-800,2014,3WKDD40X2EF852225,71BE6M,79652293,2894554,25-oct-2021,0407CIC02092011230305020,1F4D,27/5/2026,"MATERIALES, RESIDUOS REMANENTES Y DESECHOS PELIGROSOS",,VIGENTE,7/3/2024,,,,FALSE,N/A,N/A,,,,,SEGUROS ATLAS,1/1/2026,Y00-1-7-69377,1/8/2025,31/12/2025,31/12/2025,31/12/2025,,SIN ACCESO POR CAMBIO DE SISTEMA SACC A GRO,3/11/2025,31/12/2025,31/12/2025,1/1/2026,EN TRÁMITE,PROYECTO INACTIVO,PROYECTO INACTIVO,PROYECTO INACTIVO,PROYECTO INACTIVO,EN TRÁMITE
,T-37,CICSA,,LOGISTICA,SLB/BAKER,3,10,26 TONS,ROJO,TRACTOCAMION,KENWORTH T-800B,2014,3WKDD40X9EF852223,78BE6M,79652300,2894552,23-feb-2017,0407CIC02092011230305020,1F4D,27/5/2026,"MATERIALES, RESIDUOS REMANENTES Y DESECHOS PELIGROSOS",,VIGENTE,7/3/2024,,,,TRUE,N/A,N/A,,,,,SEGUROS ATLAS,1/1/2026,Y00-1-7-69377,FUERA POR PROPIEDAD,31/12/2025,31/12/2025,31/12/2025,31/12/2025,SIN ACCESO POR CAMBIO DE SISTEMA SACC A GRO,3/11/2025,31/12/2025,31/12/2025,1/1/2026,EN TRÁMITE,PROYECTO INACTIVO,PROYECTO INACTIVO,PROYECTO INACTIVO,PROYECTO INACTIVO,EN TRÁMITE
,T-53,CICSA,,LOGISTICA,SLB/BAKER,3,10,24 TONS,ROJO,TRACTOCAMION,KENWORTH T-800B,2019,3WKDD09X2KF874815,73BE6M,35348242,2894557,26-mar-2018,0407CIC02092011230305055,1F4D,27/5/2026,"MATERIALES, RESIDUOS REMANENTES Y DESECHOS PELIGROSOS",,VIGENTE,7/3/2024,,,,TRUE,N/A,N/A,,,,,SEGUROS ATLAS,1/1/2026,Y00-1-7-69377,FUERA POR PROPIEDAD,31/12/2025,31/12/2025,31/12/2025,,SIN ACCESO POR CAMBIO DE SISTEMA SACC A GRO,3/11/2025,31/12/2025,31/12/2025,1/1/2026,EN TRÁMITE,PROYECTO INACTIVO,PROYECTO INACTIVO,PROYECTO INACTIVO,PROYECTO INACTIVO,EN TRÁMITE
,T-56,CICSA,,LOGISTICA,SLB/BAKER,3,10,24 TONS,ROJO,TRACTOCAMION,KENWORTH T-800B,2019,3WKDD09X8KF874818,72BE6M,35348240,2531388,24-jul-2020,0407CIC02092011230305055,1F4D,27/5/2026,"MATERIALES, RESIDUOS REMANENTES Y DESECHOS PELIGROSOS",,VIGENTE,7/3/2024,,Requisitado,,TRUE,N/A,N/A,,,,,SEGUROS ATLAS,1/1/2026,Y00-1-7-69377,FUERA POR PROPIEDAD,31/12/2025,31/12/2025,31/12/2025,31/12/2025,SIN ACCESO POR CAMBIO DE SISTEMA SACC A GRO,3/11/2025,31/12/2025,31/12/2025,1/1/2026,EN TRÁMITE,PROYECTO INACTIVO,PROYECTO INACTIVO,PROYECTO INACTIVO,PROYECTO INACTIVO,EN TRÁMITE
,T-23,GMG,,LOGISTICA,SLB/BAKER,3,10,26 TONS,ROJO,TRACTOCAMION,KENWORTH T-660,2013,3WKAD40X3DF847634,819AN3,79614760,2730235,27-ago-2021,0407GMG29012013230301000,1F4D,27/5/2026,"MATERIALES, RESIDUOS REMANENTES Y DESECHOS PELIGROSOS",,VIGENTE,7/3/2024,,,,TRUE,N/A,N/A,,,,,SEGUROS ATLAS,1/1/2026,Y00-1-7-69377,1/8/2025,31/12/2025,31/12/2025,31/12/2025,,SIN ACCESO POR CAMBIO DE SISTEMA SACC A GRO,3/11/2025,31/12/2025,31/12/2025,1/1/2026,EN TRÁMITE,PROYECTO INACTIVO,PROYECTO INACTIVO,PROYECTO INACTIVO,PROYECTO INACTIVO,EN TRÁMITE
,T-24,GMG,,LOGISTICA,SLB/BAKER,3,10,26 TONS,ROJO,TRACTOCAMION,KENWORTH T-660,2013,3WKAD40X5DF847635,818AN3,79614748,2730231,27-ago-2021,0407GMG29012013230301000,1F4D,27/5/2026,"MATERIALES, RESIDUOS REMANENTES Y DESECHOS PELIGROSOS",,VIGENTE,7/3/2024,,,,TRUE,N/A,N/A,,,,,SEGUROS ATLAS,1/1/2026,Y00-1-7-69377,1/8/2025,31/12/2025,31/12/2025,31/12/2025,31/12/2025,SIN ACCESO POR CAMBIO DE SISTEMA SACC A GRO,3/11/2025,31/12/2025,31/12/2025,1/1/2026,EN TRÁMITE,PROYECTO INACTIVO,PROYECTO INACTIVO,PROYECTO INACTIVO,PROYECTO INACTIVO,EN TRÁMITE
,T-32,GMG,,LOGISTICA,SLB/BAKER,3,10,26 TONS,ROJO,TRACTOCAMION,KENWORTH-800B,2014,3WKDD40X8EF850740,313EP4,79642030,1945564,22-nov-2016,0407GMG21102016230001,1F4D,27/5/2026,OBJETOS VOLUMINOSOS Y DE GRAN TAMAÑO,,VIGENTE,7/3/2024,,,,TRUE,N/A,N/A,,,,,SEGUROS ATLAS,1/1/2026,Y00-1-7-69377,1/8/2025,31/12/2025,31/12/2025,31/12/2025,,SIN ACCESO POR CAMBIO DE SISTEMA SACC A GRO,3/11/2025,31/12/2025,31/12/2025,1/1/2026,EN TRÁMITE,PROYECTO INACTIVO,PROYECTO INACTIVO,PROYECTO INACTIVO,PROYECTO INACTIVO,EN TRÁMITE
,T-64,GMG,,LOGISTICA,SLB/BAKER,3,10,16.7 TONS,ROJO,TRACTOCAMION,KENWORTH T-800B,2019,3WKDD09X2KF875074,35AJ7D,35348848,2730232,27-ago-2021,0407GMG29012013230301008,1F4D,27/5/2026,"MATERIALES, RESIDUOS REMANENTES Y DESECHOS PELIGROSOS",,VIGENTE,7/3/2024,,,,TRUE,N/A,N/A,,,,,SEGUROS ATLAS,1/1/2026,Y00-1-7-69377,1/8/2025,31/12/2025,31/12/2025,31/12/2025,,SIN ACCESO POR CAMBIO DE SISTEMA SACC A GRO,3/11/2025,31/12/2025,31/12/2025,1/1/2026,31/12/2025,31/12/2025,31/12/2025,31/12/2025,31/12/2025,31/12/2025
,T-65,GMG,,LOGISTICA,SLB/BAKER,3,10,16.7 TONS,ROJO,TRACTOCAMION,KENWORTH T-800B,2019,3WKDD09X4KF875075,"43BE5M
",35348869,2730204,26-ago-2021,0407GMG29012013230301008,1F4D,27/5/2026,"MATERIALES, RESIDUOS REMANENTES Y DESECHOS PELIGROSOS",,VIGENTE,1/3/2024,,,,TRUE,N/A,N/A,,,,,SEGUROS ATLAS,1/1/2026,Y00-1-7-69377,1/8/2025,31/12/2025,31/12/2025,31/12/2025,31/12/2025,SIN ACCESO POR CAMBIO DE SISTEMA SACC A GRO,3/11/2025,31/12/2025,31/12/2025,1/1/2026,31/12/2025,PROYECTO INACTIVO,31/12/2025,31/12/2025,31/12/2025,31/12/2025
,T-66,GMG,,LOGISTICA,SLB/BAKER,3,10,16.7 TONS,ROJO,TRACTOCAMION,KENWORTH T-800B,2019,3WKDD09X6KF875076,34AJ7D,35348614,2730233,27-ago-2021,0407GMG29012013230301008,1F4D,27/5/2026,"MATERIALES, RESIDUOS REMANENTES Y DESECHOS PELIGROSOS",,VIGENTE,7/3/2024,,,,TRUE,N/A,N/A,,,,,SEGUROS ATLAS,1/1/2026,Y00-1-7-69377,1/8/2025,31/12/2025,31/12/2025,31/12/2025,,SIN ACCESO POR CAMBIO DE SISTEMA SACC A GRO,3/11/2025,31/12/2025,31/12/2025,1/1/2026,31/12/2025,PROYECTO INACTIVO,31/12/2025,31/12/2025,31/12/2025,31/12/2025
,T-67,GMG,,LOGISTICA,SLB/BAKER,3,10,16.7 TONS,ROJO,TRACTOCAMION,KENWORTH T-800B,2019,3WKDD09X8KF875077,33AJ7D,35348847,2730196,26-ago-2021,0407GMG29012013230301008,1F4D,27/5/2026,"MATERIALES, RESIDUOS REMANENTES Y DESECHOS PELIGROSOS",,VIGENTE,7/3/2024,,,,TRUE,N/A,N/A,,,,,SEGUROS ATLAS,1/1/2026,Y00-1-7-69377,1/8/2025,31/12/2025,31/12/2025,31/12/2025,,SIN ACCESO POR CAMBIO DE SISTEMA SACC A GRO,3/11/2025,31/12/2025,31/12/2025,1/1/2026,31/12/2025,PROYECTO INACTIVO,31/12/2025,31/12/2025,31/12/2025,31/12/2025
,T-68,GMG,,LOGISTICA,SLB/BAKER,3,10,16.7 TONS,ROJO,TRACTOCAMION,KENWORTH T-800B,2019,3WKDD09XXKF875078,32AJ7D,35348942,2730198,26-ago-2021,0407GMG29012013230301008,1F4D,27/5/2026,"MATERIALES, RESIDUOS REMANENTES Y DESECHOS PELIGROSOS",,VIGENTE,1/3/2024,,,,TRUE,N/A,N/A,,,,,SEGUROS ATLAS,1/1/2026,Y00-1-7-69377,1/8/2025,31/12/2025,31/12/2025,31/12/2025,,SIN ACCESO POR CAMBIO DE SISTEMA SACC A GRO,3/11/2025,31/12/2025,31/12/2025,1/1/2026,31/12/2025,PROYECTO INACTIVO,31/12/2025,31/12/2025,31/12/2025,31/12/2025
,T-71,GMG,,LOGISTICA,SLB/BAKER,3,10,16.7 TONS,ROJO,TRACTOCAMION,KENWORTH T-800B,2019,3WKDD09XXKF875081,30AJ7D,35349063,2730194,26-ago-2021,0407GMG29012013230301008,1F4D,27/5/2026,"MATERIALES, RESIDUOS REMANENTES Y DESECHOS PELIGROSOS",,VIGENTE,7/3/2024,,,,TRUE,N/A,N/A,,,,,SEGUROS ATLAS,1/1/2026,Y00-1-7-69377,1/8/2025,31/12/2025,31/12/2025,31/12/2025,,SIN ACCESO POR CAMBIO DE SISTEMA SACC A GRO,3/11/2025,31/12/2025,31/12/2025,1/1/2026,31/12/2025,31/12/2025,31/12/2025,31/12/2025,31/12/2025,31/12/2025
,T-72,GMG,,LOGISTICA,C/RECORTE,3,10,16.7 TONS,ROJO,TRACTOCAMION,KENWORTH T-800B,2019,3WKDD09X1KF875082,29AJ7D,35349064,2730193,26-ago-2021,0407GMG29012013230301008,1F4D,27/5/2026,"MATERIALES, RESIDUOS REMANENTES Y DESECHOS PELIGROSOS",,VIGENTE,1/3/2024,,,,FALSE,,N/A,,,,,SEGUROS ATLAS,1/1/2026,Y00-1-7-69377,1/8/2025,31/12/2025,31/12/2025,31/12/2025,,SIN ACCESO POR CAMBIO DE SISTEMA SACC A GRO,3/11/2025,31/12/2025,31/12/2025,1/1/2026,31/12/2025,PROYECTO INACTIVO,31/12/2025,31/12/2025,31/12/2025,31/12/2025
,T-73,GMG,,LOGISTICA,SLB/BAKER,3,10,16.7 TONS,ROJO,TRACTOCAMION,KENWORTH T-800B,2019,3WKDD09X3KF875083,28AJ7D,35349131,2730230,27-ago-2021,0407GMG29012013230301008,1F4D,27/5/2026,"MATERIALES, RESIDUOS REMANENTES Y DESECHOS PELIGROSOS",,VIGENTE,8/3/2024,,,,TRUE,N/A,N/A,,,,,SEGUROS ATLAS,1/1/2026,Y00-1-7-69377,1/8/2025,31/12/2025,31/12/2025,31/12/2025,,SIN ACCESO POR CAMBIO DE SISTEMA SACC A GRO,3/11/2025,31/12/2025,31/12/2025,1/1/2026,31/12/2025,31/12/2025,31/12/2025,31/12/2025,31/12/2025,31/12/2025
,T-80,GMG,,LOGISTICA,FULL,3,10,26 TONS,ROJO,TRACTOCAMION,FREIGHTLINER CASCADIA,2022,3AKJHHD12NSNE5808,48AS9R,473918S0865879,2730202,07-sep-2021,0407GMG29012013230301012,1F4D,27/5/2026,"MATERIALES, RESIDUOS REMANENTES Y DESECHOS PELIGROSOS",,,,,,,TRUE,N/A,N/A,,,,,SEGUROS ATLAS,1/1/2026,Y00-1-7-69377,1/8/2025,31/12/2025,31/12/2025,31/12/2025,,SIN ACCESO POR CAMBIO DE SISTEMA SACC A GRO,3/11/2025,31/12/2025,31/12/2025,1/1/2026,31/12/2025,PROYECTO INACTIVO,31/12/2025,31/12/2025,31/12/2025,31/12/2025
,T-81,GMG,,LOGISTICA,FULL,3,10,26 TONS,ROJO,TRACTOCAMION,FREIGHTLINER CASCADIA,2022,3AKJHHD14NSNE5809,47AS9R,473918S0864954,2730201,07-sep-2021,0407GMG29012013230301012,1F4D,27/5/2026,"MATERIALES, RESIDUOS REMANENTES Y DESECHOS PELIGROSOS",,,,,,,TRUE,N/A,N/A,,,,,SEGUROS ATLAS,1/1/2026,Y00-1-7-69377,1/8/2025,31/12/2025,31/12/2025,31/12/2025,,SIN ACCESO POR CAMBIO DE SISTEMA SACC A GRO,3/11/2025,31/12/2025,31/12/2025,1/1/2026,31/12/2025,PROYECTO INACTIVO,31/12/2025,31/12/2025,31/12/2025,31/12/2025
,T-82,GMG,ACTUALIZADO,LOGISTICA,FULL,3,10,26 TONS,ROJO,TRACTOCAMION,FREIGHTLINER CASCADIA,2022,3AKJHHD10NSNE5810,46AS9R,473918S0865433,2730200,07-sep-2021,0407GMG29012013230301012,1F4D,27/5/2026,"MATERIALES, RESIDUOS REMANENTES Y DESECHOS PELIGROSOS",,,,,,,TRUE,N/A,N/A,,,,,SEGUROS ATLAS,1/1/2026,Y00-1-7-69377,1/8/2025,31/12/2025,31/12/2025,31/12/2025,,SIN ACCESO POR CAMBIO DE SISTEMA SACC A GRO,3/11/2025,31/12/2025,31/12/2025,1/1/2026,31/12/2025,PROYECTO INACTIVO,31/12/2025,31/12/2025,31/12/2025,31/12/2025
,T-83,GMG,ACTUALIZADO,LOGISTICA,SLB/BAKER,3,10,26 TONS,ROJO,TRACTOCAMION,KENWORTH T-800B,2022,3WKDD40X2NF882065,16AU1W,80377528,2894399,16-dic-2021,0407GMG29012013230301014,1F4D,27/5/2026,"MATERIALES, RESIDUOS REMANENTES Y DESECHOS PELIGROSOS",,VIGENTE,28/10/2023,,,,TRUE,N/A,N/A,,,,,SEGUROS ATLAS,1/1/2026,Y00-1-7-69377,1/8/2025,31/12/2025,31/12/2025,31/12/2025,31/12/2025,SIN ACCESO POR CAMBIO DE SISTEMA SACC A GRO,3/11/2025,31/12/2025,31/12/2025,1/1/2026,31/12/2025,PROYECTO INACTIVO,31/12/2025,31/12/2025,31/12/2025,31/12/2025
,T-84,GMG,ACTUALIZADO,LOGISTICA,SLB/BAKER,3,10,26 TONS,ROJO,TRACTOCAMION,KENWORTH T-800B,2022,3WKDD40X4NF882066,17AU1W,80378080,2894400,16-dic-2021,0407GMG29012013230301014,1F4D,27/5/2026,"MATERIALES, RESIDUOS REMANENTES Y DESECHOS PELIGROSOS",,VIGENTE,28/10/2023,,,,TRUE,N/A,N/A,,,,,SEGUROS ATLAS,1/1/2026,Y00-1-7-69377,1/8/2025,31/12/2025,31/12/2025,31/12/2025,,SIN ACCESO POR CAMBIO DE SISTEMA SACC A GRO,3/11/2025,31/12/2025,31/12/2025,1/1/2026,31/12/2025,PROYECTO INACTIVO,31/12/2025,31/12/2025,31/12/2025,31/12/2025
,T-85,GMG,ACTUALIZADO,LOGISTICA,SLB/BAKER,3,10,26 TONS,ROJO,TRACTOCAMION,KENWORTH T-800B,2022,3WKDD40X6NF882067,15AU1W,80378381,2894398,16-dic-2021,0407GMG29012013230301014,1F4D,27/5/2026,"MATERIALES, RESIDUOS REMANENTES Y DESECHOS PELIGROSOS",,VIGENTE,29/10/2023,,,,TRUE,N/A,N/A,,,,,SEGUROS ATLAS,1/1/2026,Y00-1-7-69377,1/8/2025,31/12/2025,31/12/2025,31/12/2025,,SIN ACCESO POR CAMBIO DE SISTEMA SACC A GRO,3/11/2025,31/12/2025,31/12/2025,1/1/2026,31/12/2025,PROYECTO INACTIVO,31/12/2025,31/12/2025,31/12/2025,31/12/2025
,T-86,GMG,ACTUALIZADO,LOGISTICA,SLB/BAKER,3,10,26 TONS,ROJO,TRACTOCAMION,KENWORTH T-680,2022,3WKYD40X1NF525610,24AU1W,80370262,2894448,17-feb-2022,0407GMG29012013230301015,1F4D,27/5/2026,"MATERIALES, RESIDUOS REMANENTES Y DESECHOS PELIGROSOS",,VIGENTE,29/10/2023,,,,TRUE,N/A,N/A,,,,,SEGUROS ATLAS,1/1/2026,Y00-1-7-69377,1/8/2025,31/12/2025,31/12/2025,31/12/2025,,SIN ACCESO POR CAMBIO DE SISTEMA SACC A GRO,3/11/2025,31/12/2025,31/12/2025,1/1/2026,31/12/2025,PROYECTO INACTIVO,31/12/2025,31/12/2025,31/12/2025,31/12/2025
,T-87,GMG ,ACTUALIZADO,LOGISTICA,GMG,3,10,26 TONS,ROJO,TRACTOCAMION,KENWORTH T-680,2024,3WKYD40X8RF544290,15AY2X,80540342,3244702,21-SEP-2023,0407GMG29012013230301016,1F4D,27/5/2026,"MATERIALES, RESIDUOS REMANENTES Y DESECHOS PELIGROSOS",,VIGENTE,,,,,TRUE,N/A,N/A,,,,,SEGUROS ATLAS,1/1/2026,Y00-1-7-69377,1/8/2025,31/12/2025,31/12/2025,31/12/2025,31/12/2025,SIN ACCESO POR CAMBIO DE SISTEMA SACC A GRO,3/11/2025,31/12/2025,31/12/2025,1/1/2026,PROYECTO INACTIVO,31/12/2025,PROYECTO INACTIVO,PROYECTO INACTIVO,PROYECTO INACTIVO,PROYECTO INACTIVO
,T-88,GMG,ACTUALIZADO,LOGISTICA,GMG,3,10,26 TONS,ROJO,TRACTOCAMION,KENWORTH T-680,2024,"3WKYD40XXRF544291
",95AY1X,80540795,3244701,21-SEP-2023,0407GMG29012013230301016,1F4D,27/5/2026,"MATERIALES, RESIDUOS REMANENTES Y DESECHOS PELIGROSOS",,VIGENTE,,,,,TRUE,N/A,N/A,,,,,SEGUROS ATLAS,1/1/2026,Y00-1-7-69377,1/8/2025,31/12/2025,31/12/2025,31/12/2025,,SIN ACCESO POR CAMBIO DE SISTEMA SACC A GRO,3/11/2025,31/12/2025,31/12/2025,1/1/2026,PROYECTO INACTIVO,31/12/2025,PROYECTO INACTIVO,PROYECTO INACTIVO,PROYECTO INACTIVO,PROYECTO INACTIVO
,,UNIADES HIAB BASE CARMEN                                                                UNIDADES HIAB BASE CARMEN                                                                                                                                                                                                                                        UNIDADES HIAB BASE CARMEN                                                                    UNIDADES HIAB BASE CARMEN,,,,,,,,,,,,,,,,,,,,,,,,,,,,,,,,,,,,,,,,,,,,,,,,,,,
,M-05,CICSA,,LOGISTICA,GMG,3,10,24 TONS,ROJO,PLATAFORMA,KENWORTH/ T-370,2009,3BKHLN9X99F372321,587AE6,46911778,1945523,31-ene-2017,0407CIC02092011230305043,1F4D,27/05/2026,"MATERIALES, RESIDUOS REMANENTES Y DESECHOS PELIGROSOS",,VIGENTE,8/3/2024,,,,TRUE,N/A,13/2/2024,,,,,SEGUROS ATLAS,1/1/2026,Y00-1-7-61488,NO APLICA POR PROYECTO Y POR ANTIGUEDAD,NO APLICA POR PROYECTO Y POR ANTIGUEDAD,NO APLICA POR PROYECTO Y POR ANTIGUEDAD,NO APLICA POR PROYECTO Y POR ANTIGUEDAD,N/A POR TIPO DE PROYECTO Y ANTIGUEDAD,SIN ACCESO POR CAMBIO DE SISTEMA SACC A GRO,3/11/2025,31/12/2025,31/12/2025,1/1/2026,NO APLICA POR TIPO DE PROYECTO,NO APLICA POR TIPO DE PROYECTO,NO APLICA POR TIPO DE PROYECTO,NO APLICA POR TIPO DE PROYECTO,NO APLICA POR TIPO DE PROYECTO,NO APLICA POR TIPO DE PROYECTO
,M-08,ANDRES GARCIA,,LOGISTICA,GMG,2,6,12 TONS,ROJO,PLATAFORMA,KENWORTH T300,2006,3BKMHY7X96F310059,835DW9,46570720,1945510,26-ene-2017,0407GACA26012017230303001,1F4D,27/05/2026,"MATERIALES, RESIDUOS REMANENTES Y DESECHOS PELIGROSOS",,VIGENTE,14/2/2024,,,,TRUE,N/A,13/2/2024,,,,,SEGUROS ATLAS,1/1/2026,Y00-1-7-61488,NO APLICA POR PROYECTO Y POR ANTIGUEDAD,NO APLICA POR PROYECTO Y POR ANTIGUEDAD,NO APLICA POR PROYECTO Y POR ANTIGUEDAD,NO APLICA POR PROYECTO Y POR ANTIGUEDAD,N/A POR TIPO DE PROYECTO Y ANTIGUEDAD,SIN ACCESO POR CAMBIO DE SISTEMA SACC A GRO,3/11/2025,31/12/2025,31/12/2025,1/1/2026,NO APLICA POR TIPO DE PROYECTO,NO APLICA POR TIPO DE PROYECTO,NO APLICA POR TIPO DE PROYECTO,NO APLICA POR TIPO DE PROYECTO,NO APLICA POR TIPO DE PROYECTO,NO APLICA POR TIPO DE PROYECTO
,M-02,GMG,,LOGISTICA,GMG,2,10,26.8 TONS,ROJO,PLATAFORMA  CON GRUA,KENWORTH/T-370,2013,3BKHHM8X4DF382972,820AN3,73443712,1945507,25-ene-2017,0407GMG29012013230301005,1F4D,27/05/2026,"MATERIALES, RESIDUOS REMANENTES Y DESECHOS PELIGROSOS",,VIGENTE,13/6/2023,,,,TRUE,N/A,10/1/2024,,,,,SEGUROS ATLAS,1/1/2026,Y00-1-7-61488,1/8/2025,31/12/2025,31/12/2025,NO APLICA POR PROYECTO,N/A POR TIPO DE PROYECTO,SIN ACCESO POR CAMBIO DE SISTEMA SACC A GRO,3/11/2025,31/12/2025,31/12/2025,1/1/2026,NO APLICA POR TIPO DE PROYECTO,NO APLICA POR TIPO DE PROYECTO,NO APLICA POR TIPO DE PROYECTO,NO APLICA POR TIPO DE PROYECTO,NO APLICA POR TIPO DE PROYECTO,NO APLICA POR TIPO DE PROYECTO
,M-07,GMG,,LOGISTICA,GMG,3,10,23 TONS,ROJO,PLATAFORMA  CON GRUA,KENWORTH T-370,2013,3BKHHM8X2DF382971,821AN3,73444153,1945508,25-ene-2017,0407GMG29012013230301004,1F4D,27/05/2026,"MATERIALES, RESIDUOS REMANENTES Y DESECHOS PELIGROSOS",,VIGENTE,13/6/2023,,,,TRUE,N/A,10/1/2024,,,,,SEGUROS ATLAS,1/1/2026,Y00-1-7-61488,1/8/2025,31/12/2025,31/12/2025,NO APLICA POR PROYECTO,N/A POR TIPO DE PROYECTO,SIN ACCESO POR CAMBIO DE SISTEMA SACC A GRO,3/11/2025,31/12/2025,31/12/2025,1/1/2026,NO APLICA POR TIPO DE PROYECTO,NO APLICA POR TIPO DE PROYECTO,NO APLICA POR TIPO DE PROYECTO,NO APLICA POR TIPO DE PROYECTO,NO APLICA POR TIPO DE PROYECTO,NO APLICA POR TIPO DE PROYECTO
,M-12,GMG,,LOGISTICA,GMG,3,10,27 TONS,ROJO,PLATAFORMA,KENWORTH T-370,2013,3BKHLN0X7DF383243,317EP4,73454521,1379954,29-abr-2013,0407GMG29012013230301001,1F4D,27/05/2026,"MATERIALES, RESIDUOS REMANENTES Y DESECHOS PELIGROSOS",,VIGENTE,8/3/2024,,,,TRUE,N/A,28/9/2023,,,,,SEGUROS ATLAS,1/1/2026,Y00-1-7-61488,1/8/2025,31/12/2025,31/12/2025,NO APLICA POR PROYECTO,N/A POR TIPO DE PROYECTO,SIN ACCESO POR CAMBIO DE SISTEMA SACC A GRO,3/11/2025,31/12/2025,31/12/2025,1/1/2026,NO APLICA POR TIPO DE PROYECTO,NO APLICA POR TIPO DE PROYECTO,NO APLICA POR TIPO DE PROYECTO,NO APLICA POR TIPO DE PROYECTO,NO APLICA POR TIPO DE PROYECTO,NO APLICA POR TIPO DE PROYECTO
,M-13,GMG,,LOGISTICA,GMG,3,10,27 TONS,ROJO,PLATAFORMA,KENWORTH T-370,2013,3BKHLN0X9DF383244,316EP4,73454709,1379953,29-abr-2013,0407GMG29012013230301001,1F4D,27/05/2026,"MATERIALES, RESIDUOS REMANENTES Y DESECHOS PELIGROSOS",,,,,,,FALSE,,,,,,,SEGUROS ATLAS,1/1/2026,Y00-1-7-61488,1/8/2025,31/12/2025,31/12/2025,NO APLICA POR PROYECTO,N/A POR TIPO DE PROYECTO,SIN ACCESO POR CAMBIO DE SISTEMA SACC A GRO,3/11/2025,31/12/2025,31/12/2025,1/1/2026,NO APLICA POR TIPO DE PROYECTO,NO APLICA POR TIPO DE PROYECTO,NO APLICA POR TIPO DE PROYECTO,NO APLICA POR TIPO DE PROYECTO,NO APLICA POR TIPO DE PROYECTO,NO APLICA POR TIPO DE PROYECTO
,,   F-350 BASE CARMEN                                                                                                                                                                                                                                                              F-350 BASE CARMEN  ,,,,,,,,,,,,,,,,,,,,,,,,,,,,,,,,,,,,,,,,,,,,,,,,,,,
,F 350-01,CICSA,,LOGISTICA,GMG,2,4,3.6 TONS,ROJO,REDILAS,FORD F-350 S DUTY,2014,1FDEF3G65EEB44505,739EZ2,S/N,1945598,10-may-2017,0407CIC02092011021001024,1F4D,27/05/2026,CARGA GENERAL,,VIGENTE,10/3/2024,,Requisitado,,TRUE,N/A,N/A,,,,,SEGUROS ATLAS,1/1/2026,Y00-1-7-69377,FUERA POR PROPIEDAD,31/12/2025,31/12/2025,NO APLICA POR PROYECTO,N/A POR TIPO DE PROYECTO,N/A,3/11/2025,31/12/2025,31/12/2025,1/1/2026,NO APLICA POR TIPO DE PROYECTO,NO APLICA POR TIPO DE PROYECTO,NO APLICA POR TIPO DE PROYECTO,NO APLICA POR TIPO DE PROYECTO,NO APLICA POR TIPO DE PROYECTO,NO APLICA POR TIPO DE PROYECTO
,F 350-02,GMG,,LOGISTICA,GMG,2,4,3.6 TONS,ROJO,PLATAFORMA,FORD F-350 XL PLUS,2015,1FDEF3G63FEC48735,758EZ2,S/N,1674816,6-nov-2015,0407GMG29012013021002003,1F4D,27/05/2026,CARGA GENERAL,,VIGENTE,21/2/2024,,Requisitado,,TRUE,N/A,N/A,,,,,SEGUROS ATLAS,1/1/2026,Y00-1-7-69377,1/8/2025,31/12/2025,31/12/2025,NO APLICA POR PROYECTO,N/A POR TIPO DE PROYECTO,N/A,3/11/2025,31/12/2025,31/12/2025,1/1/2026,NO APLICA POR TIPO DE PROYECTO,NO APLICA POR TIPO DE PROYECTO,NO APLICA POR TIPO DE PROYECTO,NO APLICA POR TIPO DE PROYECTO,NO APLICA POR TIPO DE PROYECTO,NO APLICA POR TIPO DE PROYECTO
,,PLANAS BASE CARMEN                                                                                                                                                                                                                                                              PLANAS BASE CARMEN,,,,,,,,,,,,,,,,,,,,,,,,,,,,,,,,,,,,,,,,,,,,,,,,,,,
,PLN-01,GMG,,LOGISTICA,GMG FULL,3,12,36 TON,ROJO,PLATAFORMA,RODRIGUEZ Y RODRIGUEZ,2007,3F9P240C47R011140,123WJ7,N/A,1059661,,0407CIC02092011230305001,N/A,N/A,"MATERIALES, RESIDUOS REMANENTES Y DESECHOS PELIGROSOS",,,,,N/A,,TRUE,N/A,N/A,,,,,SEGUROS ATLAS,AMPARADA POR TRACTOCAMIÓN,Y00-1-7-69377,N/A,N/A,N/A,N/A,N/A,N/A,N/A,31/12/2025,31/12/2025,1/1/2026,N/A POR TIPO DE UNIDAD,N/A POR TIPO DE UNIDAD,N/A POR TIPO DE UNIDAD,N/A POR TIPO DE UNIDAD,N/A POR TIPO DE UNIDAD,N/A POR TIPO DE UNIDAD
,PLN-04,GMG,,LOGISTICA,GMG,2,8,30 TONS,ROJO,PLATAFORMA,RODRIGUEZ Y RODRIGUEZ,2009,3F9P240B69R011215,683UE1,N/A,1945698,,0407CIC02092011230305008,N/A,N/A,"MATERIALES, RESIDUOS REMANENTES Y DESECHOS PELIGROSOS",,,,,N/A,,TRUE,N/A,N/A,,,,,SEGUROS ATLAS,AMPARADA POR TRACTOCAMIÓN,Y00-1-7-69377,N/A,N/A,N/A,N/A,N/A,N/A,N/A,31/12/2025,31/12/2025,1/1/2026,N/A POR TIPO DE UNIDAD,N/A POR TIPO DE UNIDAD,N/A POR TIPO DE UNIDAD,N/A POR TIPO DE UNIDAD,N/A POR TIPO DE UNIDAD,N/A POR TIPO DE UNIDAD
,PLN-05,CICSA,,LOGISTICA,GMG ,3,10,17 TON,ROJO,PLATAFORMA,ALCALA,2007,3S9PM40807A031006,562WB5,N/A,,,,N/A,N/A,CARGA GENERAL,,VIGENTE,17/2/2024,,N/A,,TRUE,N/A,N/A,,,,,SEGUROS ATLAS,AMPARADA POR TRACTOCAMIÓN,Y00-1-7-69377,N/A,N/A,N/A,N/A,N/A,N/A,N/A,31/12/2025,31/12/2025,1/1/2026,N/A POR TIPO DE UNIDAD,N/A POR TIPO DE UNIDAD,N/A POR TIPO DE UNIDAD,N/A POR TIPO DE UNIDAD,N/A POR TIPO DE UNIDAD,N/A POR TIPO DE UNIDAD
,PLN-10,GMG,,LOGISTICA,GMG,3,12,38 TONS,ROJO,PLATAFORMA,RODRIGUEZ Y RODRIGUEZ,2008,3F9P240C28R011204,656UE1,N/A,1945699,,,N/A,N/A,"MATERIALES, RESIDUOS REMANENTES Y DESECHOS PELIGROSOS",,VIGENTE,13/2/2024,,N/A,,TRUE,N/A,N/A,,,,,SEGUROS ATLAS,AMPARADA POR TRACTOCAMIÓN,Y00-1-7-69377,N/A,N/A,N/A,N/A,N/A,N/A,N/A,31/12/2025,31/12/2025,1/1/2026,N/A POR TIPO DE UNIDAD,N/A POR TIPO DE UNIDAD,N/A POR TIPO DE UNIDAD,N/A POR TIPO DE UNIDAD,N/A POR TIPO DE UNIDAD,N/A POR TIPO DE UNIDAD
,PLN-12,GMG,,LOGISTICA,GMG,3,12,17 TONS,ROJO,PLATAFORMA,ALCALA,2007,3S9JM40807A031013,572WB5,N/A,1945693,,,N/A,N/A,"MATERIALES, RESIDUOS REMANENTES Y DESECHOS PELIGROSOS",,VIGENTE,27/6/2023,,N/A,,TRUE,N/A,N/A,,,,,SEGUROS ATLAS,AMPARADA POR TRACTOCAMIÓN,Y00-1-7-69377,N/A,N/A,N/A,N/A,N/A,N/A,N/A,31/12/2025,31/12/2025,1/1/2026,N/A POR TIPO DE UNIDAD,N/A POR TIPO DE UNIDAD,N/A POR TIPO DE UNIDAD,N/A POR TIPO DE UNIDAD,N/A POR TIPO DE UNIDAD,N/A POR TIPO DE UNIDAD
,PLN-16,GMG,,LOGISTICA,GMG,3,12,33 TON,ROJO,PLATAFORMA,RAMIRO,2015,3S9P453C7F1019049,404XB4,N/A,1614662,,,N/A,N/A,CARGA GENERAL,,,,,N/A,,FALSE,,,,,,,SEGUROS ATLAS,AMPARADA POR TRACTOCAMIÓN,Y00-1-7-69377,N/A,N/A,N/A,N/A,N/A,N/A,N/A,31/12/2025,31/12/2025,1/1/2026,N/A POR TIPO DE UNIDAD,N/A POR TIPO DE UNIDAD,N/A POR TIPO DE UNIDAD,N/A POR TIPO DE UNIDAD,N/A POR TIPO DE UNIDAD,N/A POR TIPO DE UNIDAD
,PLN-18,CICSA,,LOGISTICA,GMG,3,12,38 TON,ROJO,PLATAFORMA,RODRIGUEZ Y RODRIGUEZ,2008,3F9PP240C88R011210,657UE1,N/A,2039897,,,N/A,N/A,CARGA GENERAL,,VIGENTE,15/2/2024,,N/A,,TRUE,N/A,N/A,,,,,SEGUROS ATLAS,AMPARADA POR TRACTOCAMIÓN,Y00-1-7-69377,N/A,N/A,N/A,N/A,N/A,N/A,N/A,31/12/2025,31/12/2025,1/1/2026,N/A POR TIPO DE UNIDAD,N/A POR TIPO DE UNIDAD,N/A POR TIPO DE UNIDAD,N/A POR TIPO DE UNIDAD,N/A POR TIPO DE UNIDAD,N/A POR TIPO DE UNIDAD
,PLN-20,GMG,,LOGISTICA,FULL GMG,2,8,35 TON,ROJO,PLATAFORMA,GONDOLAS Y REMOLQUES,2013,3G9278BP2D1030026,384TZ6,N/A,2730247,,0407GMG29012013230301002,N/A,N/A,"MATERIALES, RESIDUOS REMANENTES Y DESECHOS PELIGROSOS",,VIGENTE,3/6/2023,,N/A,,TRUE,/,N/A,,,,,SEGUROS ATLAS,AMPARADA POR TRACTOCAMIÓN,Y00-1-7-69377,N/A,N/A,N/A,N/A,N/A,N/A,N/A,31/12/2025,31/12/2025,1/1/2026,N/A POR TIPO DE UNIDAD,N/A POR TIPO DE UNIDAD,N/A POR TIPO DE UNIDAD,N/A POR TIPO DE UNIDAD,N/A POR TIPO DE UNIDAD,N/A POR TIPO DE UNIDAD
,PLN-21,GMG,,LOGISTICA,FULL GMG,2,8,35 TON.,ROJO,PLATAFORMA,GONDOLAS Y REMOLQUES,2013,3G9278B90D1030025,382TZ6,N/A,2730246,,0407GMG29012013230301002,N/A,N/A,"MATERIALES, RESIDUOS REMANENTES Y DESECHOS PELIGROSOS",,VIGENTE,3/6/2023,,N/A,,TRUE,N/A,N/A,,,04-ASEA-T-RME-15-17,26/9/2023,SEGUROS ATLAS,AMPARADA POR TRACTOCAMIÓN,Y00-1-7-69377,N/A,N/A,N/A,N/A,N/A,N/A,N/A,31/12/2025,31/12/2025,1/1/2026,N/A POR TIPO DE UNIDAD,N/A POR TIPO DE UNIDAD,N/A POR TIPO DE UNIDAD,N/A POR TIPO DE UNIDAD,N/A POR TIPO DE UNIDAD,N/A POR TIPO DE UNIDAD
,PLN-26,GMG,,LOGISTICA,GMG,3,12,17 TONS,ROJO,PLATAFORMA,RODRIGUEZ Y RODRIGEZ,2007,3F9P240C17R011113,568WB5,N/A,2039999,,,N/A,N/A,"MATERIALES, RESIDUOS REMANENTES Y DESECHOS PELIGROSOS",,VIGENTE,2/3/2024,,N/A,,TRUE,N/A,N/A,,,,,SEGUROS ATLAS,AMPARADA POR TRACTOCAMIÓN,Y00-1-7-69377,N/A,N/A,N/A,N/A,N/A,N/A,N/A,31/12/2025,31/12/2025,1/1/2026,N/A POR TIPO DE UNIDAD,N/A POR TIPO DE UNIDAD,N/A POR TIPO DE UNIDAD,N/A POR TIPO DE UNIDAD,N/A POR TIPO DE UNIDAD,N/A POR TIPO DE UNIDAD
,PLN-27,CICSA,,LOGISTICA,GMG,3,12,30 TON,ROJO,PLATAFORMA,ALCALA,2007,3S9JM40847A031015,17UD7E,N/A,2287038,,,N/A,N/A,CARGA GENERAL,,VIGENTE,15/2/2024,,N/A,,TRUE,N/A,N/A,,,,,SEGUROS ATLAS,AMPARADA POR TRACTOCAMIÓN,Y00-1-7-69377,N/A,N/A,N/A,N/A,N/A,N/A,N/A,31/12/2025,31/12/2025,1/1/2026,N/A POR TIPO DE UNIDAD,N/A POR TIPO DE UNIDAD,N/A POR TIPO DE UNIDAD,N/A POR TIPO DE UNIDAD,N/A POR TIPO DE UNIDAD,N/A POR TIPO DE UNIDAD
,PLN-31,CICSA,,LOGISTICA,PLANA,3,12,40 TON,ROJO,PLATAFORMA,EL MEXICANO,2013,3T9PA4030DM081012,341TZ6,N/A,1262378,,,N/A,N/A,CARGA GENERAL,,VIGENTE,2/6/2023,,N/A,,TRUE,N/A,N/A,,,,,SEGUROS ATLAS,AMPARADA POR TRACTOCAMIÓN,Y00-1-7-69377,N/A,N/A,N/A,N/A,N/A,N/A,N/A,31/12/2025,31/12/2025,1/1/2026,N/A POR TIPO DE UNIDAD,N/A POR TIPO DE UNIDAD,N/A POR TIPO DE UNIDAD,N/A POR TIPO DE UNIDAD,N/A POR TIPO DE UNIDAD,N/A POR TIPO DE UNIDAD
,PLN-35,CICSA,,LOGISTICA,GMG,3,12,17 TON.,ROJO,PLATAFORMA,RODRIGUEZ Y RODRIGEZ,2006,3F9P240CX6R011061,560WB5,N/A,,,0407CIC02092011230305054,N/A,N/A,"MATERIALES, RESIDUOS REMANENTES Y DESECHOS PELIGROSOS",,,,,N/A,,TRUE,N/A,N/A,,,,,SEGUROS ATLAS,AMPARADA POR TRACTOCAMIÓN,Y00-1-7-69377,N/A,N/A,N/A,N/A,N/A,N/A,N/A,31/12/2025,31/12/2025,1/1/2026,N/A POR TIPO DE UNIDAD,N/A POR TIPO DE UNIDAD,N/A POR TIPO DE UNIDAD,N/A POR TIPO DE UNIDAD,N/A POR TIPO DE UNIDAD,N/A POR TIPO DE UNIDAD
,PLN-38,GMG,,LOGISTICA,C/RECORTE,2,8,30 TON,ROJO,PLATAFORMA,RODRIGUEZ Y RODRIGEZ,2009,3F9P240B49R011214,681UE1,N/A,,,0407CIC02092011230305009,N/A,N/A,"MATERIALES, RESIDUOS REMANENTES Y DESECHOS PELIGROSOS",,,,,N/A,,TRUE,N/A,N/A,,,,,SEGUROS ATLAS,AMPARADA POR TRACTOCAMIÓN,Y00-1-7-69377,N/A,N/A,N/A,N/A,N/A,N/A,N/A,31/12/2025,31/12/2025,1/1/2026,N/A POR TIPO DE UNIDAD,N/A POR TIPO DE UNIDAD,N/A POR TIPO DE UNIDAD,N/A POR TIPO DE UNIDAD,N/A POR TIPO DE UNIDAD,N/A POR TIPO DE UNIDAD
,PLN-56,CICSA,,LOGISTICA,FULL GMG,3,12,40 TONS,ROJO,PLATAFORMA,JR RAMIRO,2018,3S9P440C2J1019113,63UD7B,N/A,2531384,,,N/A,N/A,"MATERIALES, RESIDUOS REMANENTES Y DESECHOS PELIGROSOS",,VIGENTE,2/3/2024,,N/A,,TRUE,N/A,N/A,,,,,SEGUROS ATLAS,AMPARADA POR TRACTOCAMIÓN,Y00-1-7-69377,N/A,N/A,N/A,N/A,N/A,N/A,N/A,31/12/2025,31/12/2025,1/1/2026,N/A POR TIPO DE UNIDAD,N/A POR TIPO DE UNIDAD,N/A POR TIPO DE UNIDAD,N/A POR TIPO DE UNIDAD,N/A POR TIPO DE UNIDAD,N/A POR TIPO DE UNIDAD
,PLN-64,GMG,,LOGISTICA,GMG,3,12,30 TON.,ROJO,PLATAFORMA,RAMIRO,2020,3S9P440C3L1019060,28UF4L,N/A,2730239,31/08/2021,0407GMG29012013230301009,N/A,N/A,"MATERIALES, RESIDUOS REMANENTES Y DESECHOS PELIGROSOS",,,,,N/A,,TRUE,N/A,N/A,,,,,SEGUROS ATLAS,AMPARADA POR TRACTOCAMIÓN,Y00-1-7-69377,N/A,N/A,N/A,N/A,N/A,N/A,N/A,31/12/2025,31/12/2025,1/1/2026,N/A POR TIPO DE UNIDAD,N/A POR TIPO DE UNIDAD,N/A POR TIPO DE UNIDAD,N/A POR TIPO DE UNIDAD,N/A POR TIPO DE UNIDAD,N/A POR TIPO DE UNIDAD
,PLN-65,GMG,,LOGISTICA,C/RECORTE GMG,3,12,30 TON,ROJO,PLATAFORMA,RAMIRO,2020,3S9P440C9L1019063,25UF4L,N/A,2387659,,,N/A,N/A,"MATERIALES, RESIDUOS REMANENTES Y DESECHOS PELIGROSOS",,,,,N/A,,TRUE,N/A,N/A,,,,,SEGUROS ATLAS,AMPARADA POR TRACTOCAMIÓN,Y00-1-7-69377,N/A,N/A,N/A,N/A,N/A,N/A,N/A,31/12/2025,31/12/2025,1/1/2026,N/A POR TIPO DE UNIDAD,N/A POR TIPO DE UNIDAD,N/A POR TIPO DE UNIDAD,N/A POR TIPO DE UNIDAD,N/A POR TIPO DE UNIDAD,N/A POR TIPO DE UNIDAD
,PLN-66,GMG,,LOGISTICA,GMG,3,12,30 TON.,ROJO,PLATAFORMA,RAMIRO,2020,3S9P440C0L1019064,23UF4L,N/A,2387657,05/12/2019,,N/A,N/A,"MATERIALES, RESIDUOS REMANENTES Y DESECHOS PELIGROSOS",,,,,N/A,,TRUE,N/A,N/A,,,,,SEGUROS ATLAS,AMPARADA POR TRACTOCAMIÓN,Y00-1-7-69377,N/A,N/A,N/A,N/A,N/A,N/A,N/A,31/12/2025,31/12/2025,1/1/2026,N/A POR TIPO DE UNIDAD,N/A POR TIPO DE UNIDAD,N/A POR TIPO DE UNIDAD,N/A POR TIPO DE UNIDAD,N/A POR TIPO DE UNIDAD,N/A POR TIPO DE UNIDAD
,PLN-67,GMG,,LOGISTICA,C/RECORTE GMG,3,12,30 TON,ROJO,PLATAFORMA,RAMIRO,2020,3S9P440C1L1019056,32UF4L,N/A,2730248,02/09/2021,,N/A,N/A,"MATERIALES, RESIDUOS REMANENTES Y DESECHOS PELIGROSOS",,,,,N/A,,TRUE,N/A,N/A,,,,,SEGUROS ATLAS,AMPARADA POR TRACTOCAMIÓN,Y00-1-7-69377,N/A,N/A,N/A,N/A,N/A,N/A,N/A,31/12/2025,31/12/2025,1/1/2026,N/A POR TIPO DE UNIDAD,N/A POR TIPO DE UNIDAD,N/A POR TIPO DE UNIDAD,N/A POR TIPO DE UNIDAD,N/A POR TIPO DE UNIDAD,N/A POR TIPO DE UNIDAD
,PLN-68,GMG,SIN ASIGNACION,LOGISTICA,C/RECORTE GMG,3,12,30 TON,ROJO,PLATAFORMA,RAMIRO,2020,3S9P440C5L1019058,30UF4L,N/A,2730249,,0407GMG29012013230301009,N/A,N/A,"MATERIALES, RESIDUOS REMANENTES Y DESECHOS PELIGROSOS",,,,,,,FALSE,,,,,,,SEGUROS ATLAS,AMPARADA POR TRACTOCAMIÓN,Y00-1-7-69377,N/A,N/A,N/A,N/A,N/A,N/A,N/A,31/12/2025,31/12/2025,1/1/2026,N/A POR TIPO DE UNIDAD,N/A POR TIPO DE UNIDAD,N/A POR TIPO DE UNIDAD,N/A POR TIPO DE UNIDAD,N/A POR TIPO DE UNIDAD,N/A POR TIPO DE UNIDAD
,PLN-71,GMG,,LOGISTICA,GMG,3,12,30 TON.,ROJO,PLATAFORMA,RAMIRO,2020,3S9P440C2L1019065,24UF4L,N/A,2730236,31/08/2021,,N/A,N/A,"MATERIALES, RESIDUOS REMANENTES Y DESECHOS PELIGROSOS",,,,,N/A,,TRUE,N/A,N/A,,,,,SEGUROS ATLAS,AMPARADA POR TRACTOCAMIÓN,Y00-1-7-69377,N/A,N/A,N/A,N/A,N/A,N/A,N/A,31/12/2025,31/12/2025,1/1/2026,N/A POR TIPO DE UNIDAD,N/A POR TIPO DE UNIDAD,N/A POR TIPO DE UNIDAD,N/A POR TIPO DE UNIDAD,N/A POR TIPO DE UNIDAD,N/A POR TIPO DE UNIDAD
,PLN-72,GMG,,LOGISTICA,C/RECORTE GMG,3,12,30 TON,ROJO,PLATAFORMA,RAMIRO,2020,3S9P440C5L1019061,27UF4L,N/A,2730251,02/09/2021,,N/A,N/A,"MATERIALES, RESIDUOS REMANENTES Y DESECHOS PELIGROSOS",,,,,N/A,,TRUE,N/A,N/A,,,,,SEGUROS ATLAS,AMPARADA POR TRACTOCAMIÓN,Y00-1-7-69377,N/A,N/A,N/A,N/A,N/A,N/A,N/A,31/12/2025,31/12/2025,1/1/2026,N/A POR TIPO DE UNIDAD,N/A POR TIPO DE UNIDAD,N/A POR TIPO DE UNIDAD,N/A POR TIPO DE UNIDAD,N/A POR TIPO DE UNIDAD,N/A POR TIPO DE UNIDAD
,PLN-73,GMG,,LOGISTICA,GMG,2,12,30 TON,ROJO,PLATAFORMA,RAMIRO,2020,3S9P440C7L1019062,26UF4L,N/A,2387660,05/12/2019,,N/A,N/A,"MATERIALES, RESIDUOS REMANENTES Y DESECHOS PELIGROSOS",,VIGENTE,17/2/2024,,N/A,,TRUE,N/A,N/A,,,,,SEGUROS ATLAS,AMPARADA POR TRACTOCAMIÓN,Y00-1-7-69377,N/A,N/A,N/A,N/A,N/A,N/A,N/A,31/12/2025,31/12/2025,1/1/2026,N/A POR TIPO DE UNIDAD,N/A POR TIPO DE UNIDAD,N/A POR TIPO DE UNIDAD,N/A POR TIPO DE UNIDAD,N/A POR TIPO DE UNIDAD,N/A POR TIPO DE UNIDAD
,PLN-81,GMG,,LOGISTICA,GMG,2,8,36 TONS,ROJO,PLATAFORMA,RAMIRO,2022,3S9P440B4N1019059,60UH5D,N/A,2730176,,0407GMG29012013230301011,N/A,N/A,"MATERIALES, RESIDUOS REMANENTES Y DESECHOS PELIGROSOS",,,,,,,FALSE,,,,,,,SEGUROS ATLAS,AMPARADA POR TRACTOCAMIÓN,Y00-1-7-69377,N/A,N/A,N/A,N/A,N/A,N/A,N/A,31/12/2025,31/12/2025,1/1/2026,N/A POR TIPO DE UNIDAD,N/A POR TIPO DE UNIDAD,N/A POR TIPO DE UNIDAD,N/A POR TIPO DE UNIDAD,N/A POR TIPO DE UNIDAD,N/A POR TIPO DE UNIDAD
,PLN-86,GMG,,LOGISTICA,FULL,2,8,36.5 TONS,ROJO,PLATAFORMA,JR RAMIRO,2022,3S9P440B4N1019160,98UH5D,N/A,,,0407GMG29012013230301013,N/A,N/A,"MATERIALES, RESIDUOS REMANENTES Y DESECHOS PELIGROSOS",,,,,,,FALSE,,,,,,,SEGUROS ATLAS,AMPARADA POR TRACTOCAMIÓN,Y00-1-7-69377,N/A,N/A,N/A,N/A,N/A,N/A,N/A,31/12/2025,31/12/2025,1/1/2026,N/A POR TIPO DE UNIDAD,N/A POR TIPO DE UNIDAD,N/A POR TIPO DE UNIDAD,N/A POR TIPO DE UNIDAD,N/A POR TIPO DE UNIDAD,N/A POR TIPO DE UNIDAD
,PLN-88,GMG,,LOGISTICA,FULL,2,8,36.5 TONS,ROJO,PLATAFORMA,JR RAMIRO,2022,3S9P440B8N1019162,96UH5D,N/A,,,0407GMG29012013230301013,N/A,N/A,"MATERIALES, RESIDUOS REMANENTES Y DESECHOS PELIGROSOS",,,,,,,FALSE,,,,,,,SEGUROS ATLAS,AMPARADA POR TRACTOCAMIÓN,Y00-1-7-69377,N/A,N/A,N/A,N/A,N/A,N/A,N/A,31/12/2025,31/12/2025,1/1/2026,N/A POR TIPO DE UNIDAD,N/A POR TIPO DE UNIDAD,N/A POR TIPO DE UNIDAD,N/A POR TIPO DE UNIDAD,N/A POR TIPO DE UNIDAD,N/A POR TIPO DE UNIDAD
,PLN-92,GMG,,LOGISTICA,FULL,3,12,45 TON,ROJO,PLATAFORMA,JR RAMIRO,2023,3S9E453C6P1019147,09UN1E,N/A,3087963,09/05/2023,,N/A,N/A,OBJETOS VOLUMINOSOS Y DE GRAN TAMAÑO,,,,,,,,,,,,,,SEGUROS ATLAS,AMPARADA POR TRACTOCAMIÓN,Y00-1-7-69377,N/A,N/A,N/A,N/A,N/A,N/A,N/A,31/12/2025,31/12/2025,1/1/2026,N/A POR TIPO DE UNIDAD,N/A POR TIPO DE UNIDAD,N/A POR TIPO DE UNIDAD,N/A POR TIPO DE UNIDAD,N/A POR TIPO DE UNIDAD,N/A POR TIPO DE UNIDAD
,,CAMA BAJA-BASE CARMEN                                                                                                                                                                                                                                                              CAMA BAJA- BASE CARMEN,,,,,,,,,,,,,,,,,,,,,,,,,,,,,,,,,,,,,,,,,,,,,,,,,,,
,CMB-02,CICSA,SIN ASIGNACIÓN,LOGISTICA,GMG,3,12,36 TONS,ROJO,CAMA BAJA ,RODRIGUEZ Y RODRIGEZ,2008,3F9B250C58R011200,65UN9D,N/A,1945515,,,N/A,N/A,"MATERIALES, RESIDUOS REMANENTES Y DESECHOS PELIGROSOS",,VIGENTE,21/2/2024,,N/A,N/A,TRUE,N/A,N/A,,,,,SEGUROS ATLAS,AMPARADA POR TRACTOCAMIÓN,Y00-1-7-69377,N/A,N/A,N/A,N/A,N/A,N/A,N/A,31/12/2025,31/12/2025,1/1/2026,N/A POR TIPO DE UNIDAD,N/A POR TIPO DE UNIDAD,N/A POR TIPO DE UNIDAD,N/A POR TIPO DE UNIDAD,N/A POR TIPO DE UNIDAD,N/A POR TIPO DE UNIDAD
,CMB-03,GMG,SIN ASIGNACIÓN,LOGISTICA,GMG,3,12,28 TONS,ROJO,CAMA BAJA ,RAMIRO,2015,3S9B451C3F1019031,930XS2,N/A,,42766,,N/A,N/A,OBJETOS VOLUMINOSOS Y DE GRAN TAMAÑO,,,,,,,TRUE,N/A,N/A,,,,,SEGUROS ATLAS,AMPARADA POR TRACTOCAMIÓN,Y00-1-7-69377,N/A,N/A,N/A,N/A,N/A,N/A,N/A,31/12/2025,31/12/2025,1/1/2026,N/A POR TIPO DE UNIDAD,N/A POR TIPO DE UNIDAD,N/A POR TIPO DE UNIDAD,N/A POR TIPO DE UNIDAD,N/A POR TIPO DE UNIDAD,N/A POR TIPO DE UNIDAD
,CMB-05,GMG,SIN ASIGNACIÓN,LOGISTICA,GMG,3,12,31 TONS,ROJO,CAMA BAJA ,RAMIRO,2017,3S9B453C6J1019031,73UD7B,N/A,,,,N/A,N/A,CARGA GENERAL,,VIGENTE,17/2/2024,,,,TRUE,N/A,N/A,,,,,SEGUROS ATLAS,AMPARADA POR TRACTOCAMIÓN,Y00-1-7-69377,N/A,N/A,N/A,N/A,N/A,N/A,N/A,31/12/2025,31/12/2025,1/1/2026,N/A POR TIPO DE UNIDAD,N/A POR TIPO DE UNIDAD,N/A POR TIPO DE UNIDAD,N/A POR TIPO DE UNIDAD,N/A POR TIPO DE UNIDAD,N/A POR TIPO DE UNIDAD
,CMB-06,GMG,SIN ASIGNACIÓN,LOGISTICA,GMG,3,12,31 TONS,ROJO,CAMA BAJA ,RAMIRO,2018,3S9B453C8J1019032,71UD7B,N/A,2730244,,,N/A,N/A,"MATERIALES, RESIDUOS REMANENTES Y DESECHOS PELIGROSOS",,VIGENTE,17/2/2024,,6 am,8 am,TRUE,N/A,N/A,,,,,SEGUROS ATLAS,AMPARADA POR TRACTOCAMIÓN,Y00-1-7-69377,N/A,N/A,N/A,N/A,N/A,N/A,N/A,31/12/2025,31/12/2025,1/1/2026,N/A POR TIPO DE UNIDAD,N/A POR TIPO DE UNIDAD,N/A POR TIPO DE UNIDAD,N/A POR TIPO DE UNIDAD,N/A POR TIPO DE UNIDAD,N/A POR TIPO DE UNIDAD
,CMB-07,GMG,SIN ASIGNACIÓN,LOGISTICA,GMG,3,12,35 TONS,ROJO,CAMA BAJA ,RAMIRO,2023,3S9B453C0P1019146,08UN1E,N/A,3087962,45055,0407GMG29012013021002008,N/A,N/A,CARGA GENERAL,,28/11/2024,,,,,FALSE,,,,,,,SEGUROS ATLAS,AMPARADA POR TRACTOCAMIÓN,Y00-1-7-69377,N/A,N/A,N/A,N/A,N/A,N/A,N/A,31/12/2025,31/12/2025,1/1/2026,N/A POR TIPO DE UNIDAD,N/A POR TIPO DE UNIDAD,N/A POR TIPO DE UNIDAD,N/A POR TIPO DE UNIDAD,N/A POR TIPO DE UNIDAD,N/A POR TIPO DE UNIDAD
,CMB-08,GMG,SIN ASIGNACIÓN,LOGISTICA,GMG,3,12,35 TONS,ROJO,CAMA BAJA ,RAMIRO,2024,3S9B453C9R1019150,26UR8D,N/A,3244798,45247,0407GMG29012013021002009,N/A,N/A,CARGA GENERAL,,,,,,,FALSE,,,,,,,SEGUROS ATLAS,AMPARADA POR TRACTOCAMIÓN,Y00-1-7-69377,N/A,N/A,N/A,N/A,N/A,N/A,N/A,31/12/2025,31/12/2025,1/1/2026,N/A POR TIPO DE UNIDAD,N/A POR TIPO DE UNIDAD,N/A POR TIPO DE UNIDAD,N/A POR TIPO DE UNIDAD,N/A POR TIPO DE UNIDAD,N/A POR TIPO DE UNIDAD
,CMB-09,GMG,SIN ASIGNACIÓN,LOGISTICA,GMG,3,12,35 TONS,ROJO,CAMA BAJA ,RAMIRO,2024,3S9B453C2R1019149,27UR8D,N/A,3244797,45247,0407GMG29012013021002009,N/A,N/A,CARGA GENERAL,,,,,,,FALSE,,,,,,,SEGUROS ATLAS,AMPARADA POR TRACTOCAMIÓN,Y00-1-7-69377,N/A,N/A,N/A,N/A,N/A,N/A,N/A,31/12/2025,31/12/2025,1/1/2026,N/A POR TIPO DE UNIDAD,N/A POR TIPO DE UNIDAD,N/A POR TIPO DE UNIDAD,N/A POR TIPO DE UNIDAD,N/A POR TIPO DE UNIDAD,N/A POR TIPO DE UNIDAD
,CMB-10,GMG,,,,,,,,CAMA BAJA ,RAMIRO,2025,3S9B253C7S1019076,14UV9S,,,,,N/A,N/A,CARGA GENERAL,,,,,,,FALSE,,,,,,,SEGUROS ATLAS,AMPARADA POR TRACTOCAMIÓN,Y00-1-7-69377,N/A,N/A,N/A,N/A,N/A,N/A,N/A,31/12/2025,31/12/2025,1/1/2026,N/A POR TIPO DE UNIDAD,N/A POR TIPO DE UNIDAD,N/A POR TIPO DE UNIDAD,N/A POR TIPO DE UNIDAD,N/A POR TIPO DE UNIDAD,N/A POR TIPO DE UNIDAD
,CMB-11,GMG,,,,,,,,CAMA BAJA ,RAMIRO,2025,3S9B253C9S1019077,13UV9S,,,,,N/A,N/A,CARGA GENERAL,,,,,,,FALSE,,,,,,,SEGUROS ATLAS,AMPARADA POR TRACTOCAMIÓN,Y00-1-7-69377,N/A,N/A,N/A,N/A,N/A,N/A,N/A,31/12/2025,31/12/2025,1/1/2026,N/A POR TIPO DE UNIDAD,N/A POR TIPO DE UNIDAD,N/A POR TIPO DE UNIDAD,N/A POR TIPO DE UNIDAD,N/A POR TIPO DE UNIDAD,N/A POR TIPO DE UNIDAD
,CMB-12,GMG,,,,,,,,CAMA BAJA ,RAMIRO,2025,3S9B253C0S1019078,12UV9S,,,,,N/A,N/A,CARGA GENERAL,,,,,,,FALSE,,,,,,,SEGUROS ATLAS,AMPARADA POR TRACTOCAMIÓN,Y00-1-7-69377,N/A,N/A,N/A,N/A,N/A,N/A,N/A,31/12/2025,31/12/2025,1/1/2026,N/A POR TIPO DE UNIDAD,N/A POR TIPO DE UNIDAD,N/A POR TIPO DE UNIDAD,N/A POR TIPO DE UNIDAD,N/A POR TIPO DE UNIDAD,N/A POR TIPO DE UNIDAD
,CMB-13,GMG,,,,,,,,CAMA BAJA ,RAMIRO,2025,3S9B253C2S1019079,11UV9S,,,,,N/A,N/A,CARGA GENERAL,,,,,,,FALSE,,,,,,,SEGUROS ATLAS,AMPARADA POR TRACTOCAMIÓN,Y00-1-7-69377,N/A,N/A,N/A,N/A,N/A,N/A,N/A,31/12/2025,31/12/2025,1/1/2026,N/A POR TIPO DE UNIDAD,N/A POR TIPO DE UNIDAD,N/A POR TIPO DE UNIDAD,N/A POR TIPO DE UNIDAD,N/A POR TIPO DE UNIDAD,N/A POR TIPO DE UNIDAD
,CMB-14,GMG,,,,,,,,CAMA BAJA ,RAMIRO,2025,3S9B253C9S1019080,15UV9S,,,,,N/A,N/A,CARGA GENERAL,,,,,,,FALSE,,,,,,,SEGUROS ATLAS,AMPARADA POR TRACTOCAMIÓN,Y00-1-7-69377,N/A,N/A,N/A,N/A,N/A,N/A,N/A,31/12/2025,31/12/2025,1/1/2026,N/A POR TIPO DE UNIDAD,N/A POR TIPO DE UNIDAD,N/A POR TIPO DE UNIDAD,N/A POR TIPO DE UNIDAD,N/A POR TIPO DE UNIDAD,N/A POR TIPO DE UNIDAD
,CMB-04,GMG,SIN ASIGNACIÓN,LOGISTICA,GMG,3,12,13.6 TONS,ROJO,CAMA BAJA ,RAMIRO,2015,3S9B451CXF1019026,950XS2,N/A,,,,N/A,N/A,OBJETOS VOLUMINOSOS Y DE GRAN TAMAÑO,,VIGENTE,,,N/A,N/A,TRUE,N/A,N/A,,,,,SEGUROS ATLAS,AMPARADA POR TRACTOCAMIÓN,Y00-1-7-69377,N/A,N/A,N/A,N/A,N/A,N/A,N/A,31/12/2025,31/12/2025,1/1/2026,N/A POR TIPO DE UNIDAD,N/A POR TIPO DE UNIDAD,N/A POR TIPO DE UNIDAD,N/A POR TIPO DE UNIDAD,N/A POR TIPO DE UNIDAD,N/A POR TIPO DE UNIDAD
,,PETROLERO- BASE CARMEN                                                                                                                                                                                                                                                              PETROLERO- BASE CARMEN,,,,,,,,,,,,,,,,,,,,,,,,,,,,,,,,,,,,,,,,,,,,,,,,,,,
,PTL-04,CICSA,SIN ASIGNACIÓN,LOGISTICA,GMG,3,12,60 TONS,ROJO,PETROLERITO,GONDOLAS Y REMOLQUES HEVISA,2014,36963ACP9E1030061,413UP6,N/A,,,,N/A,N/A,CARGA GENERAL,,,,,N/A,N/A,TRUE,N/A,N/A,,,,,SEGUROS ATLAS,AMPARADA POR TRACTOCAMIÓN,Y00-1-7-69377,N/A,N/A,N/A,,,,N/A,31/12/2025,31/12/2025,1/1/2026,N/A POR TIPO DE UNIDAD,N/A POR TIPO DE UNIDAD,N/A POR TIPO DE UNIDAD,N/A POR TIPO DE UNIDAD,N/A POR TIPO DE UNIDAD,N/A POR TIPO DE UNIDAD
,PTL-05,GMG,SIN ASIGNACIÓN,LOGISTICA,GMG,3,12,50 TONS,ROJO,PETROLERITO,RAMIRO,2018,3S9B453CXJ1019033,19UD7E,N/A,,,,N/A,N/A,CARGA GENERAL,,,,,N/A,N/A,TRUE,N/A,N/A,,,,,SEGUROS ATLAS,AMPARADA POR TRACTOCAMIÓN,Y00-1-7-69377,N/A,N/A,N/A,,,,N/A,31/12/2025,31/12/2025,1/1/2026,N/A POR TIPO DE UNIDAD,N/A POR TIPO DE UNIDAD,N/A POR TIPO DE UNIDAD,N/A POR TIPO DE UNIDAD,N/A POR TIPO DE UNIDAD,N/A POR TIPO DE UNIDAD
,,LOWBOY- BASE CARMEN                                                                                                                                                                                                                                                              LOWBOY- BASE CARMEN,,,,,,,,,,,,,,,,,,,,,,,,,,,,,,,,,,,,,,,,,,,,,,,,,,,
,LOW BOY-01,CICSA,SIN ASIGNACIÓN,LOGISTICA,GMG,3,12,50 TONS,ROJO,LOW-BOY ABATIBLE,WITZCO CHALLENGER,2009,1W8A11F349S000424,734UE1,N/A,1443508,,,N/A,N/A,OBJETOS VOLUMINOSOS Y DE GRAN TAMAÑO,,,,,N/A,N/A,TRUE,N/A,N/A,,,,,SEGUROS ATLAS,AMPARADA POR TRACTOCAMIÓN,Y00-1-7-69377,N/A,N/A,N/A,N/A,N/A,N/A,N/A,31/12/2025,31/12/2025,1/1/2026,N/A POR TIPO DE UNIDAD,N/A POR TIPO DE UNIDAD,N/A POR TIPO DE UNIDAD,N/A POR TIPO DE UNIDAD,N/A POR TIPO DE UNIDAD,N/A POR TIPO DE UNIDAD
,LOW BOY-03,GMG,SIN ASIGNACIÓN,LOGISTICA,GMG,4,16,80 TONS,ROJO,LOW-BOY ABATIBLE,JR RAMIRO,2017,3S9L463C8H1019021,61UA1G,N/A,,,,N/A,N/A,OBJETOS VOLUMINOSOS Y DE GRAN TAMAÑO,,,,,N/A,N/A,TRUE,N/A,N/A,,,,,SEGUROS ATLAS,AMPARADA POR TRACTOCAMIÓN,Y00-1-7-69377,N/A,N/A,N/A,N/A,N/A,N/A,N/A,31/12/2025,31/12/2025,1/1/2026,N/A POR TIPO DE UNIDAD,N/A POR TIPO DE UNIDAD,N/A POR TIPO DE UNIDAD,N/A POR TIPO DE UNIDAD,N/A POR TIPO DE UNIDAD,N/A POR TIPO DE UNIDAD
,, UNIDADES UTILITARIOS Y PILOTOS CARMEN                                                                                                                                                                                                                                                              UNIDADES UTILITARIOS Y PILOTOS CARMEN,,,,,,,,,,,,,,,,,,,,,,,,,,,,,,,,,,,,,,,,,,,,,,,,,,,
,A-01,GMG,LOGISTICA,,GMG,N/A,4,N/A,ROJO,UTILITARIO,NISSAN VERSA,2018,3N1CN7AD1JK413938,DFH-699-B,,,,N/A,N/A,N/A,N/A,N/A,,,,,,,N/A,N/A,N/A,N/A,N/A,N/A,,1/1/2025,Y00-1-7-61488,N/A,N/A,N/A,N/A,N/A,N/A,3/11/2025,,,N/A,N/A POR TIPO DE UNIDAD,N/A POR TIPO DE UNIDAD,N/A POR TIPO DE UNIDAD,N/A POR TIPO DE UNIDAD,N/A POR TIPO DE UNIDAD,N/A POR TIPO DE UNIDAD
,A-22,GMG,LOGÍSTICA,,GMG,N/A,4,N/A,NEGRO ONIX,UTILITARIO,CHEVROLET S10,2023,LSFAM3AB1PA059971,CT-8931-A,HECHO EN CHINA,SVA1199088,08/12/2022,N/A,N/A,N/A,N/A,,,,,,,TRUE,N/A,N/A,,,N/A,N/A,,1/1/2025,Y00-1-7-61488,N/A,N/A,N/A,N/A,N/A,N/A,3/11/2025,31/12/2025,31/12/2025,N/A,N/A POR TIPO DE UNIDAD,N/A POR TIPO DE UNIDAD,N/A POR TIPO DE UNIDAD,N/A POR TIPO DE UNIDAD,N/A POR TIPO DE UNIDAD,N/A POR TIPO DE UNIDAD
,A-23,GMG,GERENCIA,,GMG,N/A,4,N/A,ROJO DRAGON			,UTILITARIO,CHEVROLET S10,2023,LSFAM3ABXPA068667                        ,CS-4298-A                        ,HECHO EN CHINA,SVA1382952,08/05/2023,N/A,N/A,N/A,N/A,,,,,,,FALSE,,,,,N/A,N/A,,1/1/2025,Y00-1-7-61488,N/A,N/A,N/A,N/A,N/A,N/A,3/11/2025,31/12/2025,31/12/2025,N/A,N/A POR TIPO DE UNIDAD,N/A POR TIPO DE UNIDAD,N/A POR TIPO DE UNIDAD,N/A POR TIPO DE UNIDAD,N/A POR TIPO DE UNIDAD,N/A POR TIPO DE UNIDAD
,A-24,GMG,VENTAS,,GMG,N/A,4,N/A,BLANCO NEVADA,UTILITARIO,"VOLKSWAGEN DE MEXICO, SA DE CV",2023,VSSCE6KJ9PR024132,DGE305B,DWY017939,SVA1632764,10/05/2024,N/A,N/A,N/A,N/A,,,,,,,FALSE,,,,,,,,,,N/A,N/A,N/A,N/A,N/A,N/A,3/11/2025,31/12/2025,31/12/2025,N/A,N/A POR TIPO DE UNIDAD,N/A POR TIPO DE UNIDAD,N/A POR TIPO DE UNIDAD,N/A POR TIPO DE UNIDAD,N/A POR TIPO DE UNIDAD,N/A POR TIPO DE UNIDAD
,A-25,GMG,LOGISTICA,,,,,,BLANCO NEVADA,UTILITARIO,CHEVROLET S10,2024,LSFAM3AB1RA095520,CS9783A,HECHO EN CHINA,SVA1634762,14/06/2024,N/A,N/A,N/A,N/A,,,,,,,FALSE,,,,,,,,,,N/A,N/A,N/A,N/A,N/A,N/A,3/11/2025,31/12/2025,31/12/2025,N/A,N/A POR TIPO DE UNIDAD,N/A POR TIPO DE UNIDAD,N/A POR TIPO DE UNIDAD,N/A POR TIPO DE UNIDAD,N/A POR TIPO DE UNIDAD,N/A POR TIPO DE UNIDAD
,A-26,GMG,LOGISTICA,,,,,,BLANCO NEVADA,UTILITARIO,CHEVROLET S10,2024,LSFAM3AB5RA095522,CS9782A,HECHO EN CHINA,SVA1634761,14/06/2024,N/A,N/A,N/A,N/A,,,,,,,FALSE,,,,,,,,,,N/A,N/A,N/A,N/A,N/A,N/A,3/11/2025,31/12/2025,31/12/2025,N/A,N/A POR TIPO DE UNIDAD,N/A POR TIPO DE UNIDAD,N/A POR TIPO DE UNIDAD,N/A POR TIPO DE UNIDAD,N/A POR TIPO DE UNIDAD,N/A POR TIPO DE UNIDAD
,A-27,,,,,,,,ROJO METÁLICO,UTILITARIO,CHEVROLET AVEO HB C LT,2025,LZWPPMGN2SF002218,DGJ768B,HECHO EN CHINA,,,N/A,N/A,N/A,N/A,,,,,,,FALSE,,,,,,,,,,N/A,N/A,N/A,N/A,N/A,N/A,3/11/2025,31/12/2025,31/12/2025,N/A,N/A POR TIPO DE UNIDAD,N/A POR TIPO DE UNIDAD,N/A POR TIPO DE UNIDAD,N/A POR TIPO DE UNIDAD,N/A POR TIPO DE UNIDAD,N/A POR TIPO DE UNIDAD
,A-28,,,,,,,,ROJO METÁLICO,UTILITARIO,CHEVROLET AVEO HB C LT,2025,LZWPPMGN4SF002222,DGK820B,HECHO EN CHINA,,,N/A,N/A,N/A,N/A,,,,,,,FALSE,,,,,,,,,,N/A,N/A,N/A,N/A,N/A,N/A,3/11/2025,31/12/2025,31/12/2025,N/A,N/A POR TIPO DE UNIDAD,N/A POR TIPO DE UNIDAD,N/A POR TIPO DE UNIDAD,N/A POR TIPO DE UNIDAD,N/A POR TIPO DE UNIDAD,N/A POR TIPO DE UNIDAD
,A-13,CICSA,,LOGISTICA,GMG,N/A,4,N/A,AMARILLO,PICK-UP,CHEVROLET SILVERADO,2012,3GCNC9CX6CG183897,VL3509B,,,,N/A,N/A,N/A,N/A,,,,,,,,N/A,N/A,N/A,N/A,N/A,N/A,,1/1/2025,Y00-1-7-61488,N/A,N/A,N/A,N/A,N/A,N/A,3/11/2025,,,N/A,N/A POR TIPO DE UNIDAD,N/A POR TIPO DE UNIDAD,N/A POR TIPO DE UNIDAD,N/A POR TIPO DE UNIDAD,N/A POR TIPO DE UNIDAD,N/A POR TIPO DE UNIDAD
,A-15,CICSA,,LOGISTICA,GMG,N/A,4,N/A,AMARILLO,PICK-UP,DODGE RAM,2010,3D7Y51EK5AG129620,CT-8057-A,,,,N/A,N/A,N/A,N/A,,,,,,,,N/A,N/A,N/A,N/A,N/A,N/A,,1/1/2025,Y00-1-7-61488,N/A,N/A,N/A,N/A,N/A,N/A,3/11/2025,,,N/A,N/A POR TIPO DE UNIDAD,N/A POR TIPO DE UNIDAD,N/A POR TIPO DE UNIDAD,N/A POR TIPO DE UNIDAD,N/A POR TIPO DE UNIDAD,N/A POR TIPO DE UNIDAD
,A-16,CICSA,,LOGISTICA,GMG,N/A,4,N/A,AMARILLO,NISSAN,NISSAN,2013,3N6DD25T8DK056803,740EZ2,,,,N/A,N/A,N/A,GENERAL,,,,,,,,N/A,N/A,N/A,N/A,N/A,N/A,,1/1/2025,Y00-1-7-61488,N/A,N/A,N/A,N/A,N/A,N/A,3/11/2025,,,N/A,N/A POR TIPO DE UNIDAD,N/A POR TIPO DE UNIDAD,N/A POR TIPO DE UNIDAD,N/A POR TIPO DE UNIDAD,N/A POR TIPO DE UNIDAD,N/A POR TIPO DE UNIDAD
,A-17,CICSA,UNIDAD SE DIÓ DE BAJA,SIN ASIGNACIÓN,GMG,N/A,4,N/A,BLANCO,UTILITARIO,FORD ESCAPE,2013,1FMCU0G77DUB74551,DJU4467,HECHO EN CHINA,,,N/A,N/A,N/A,N/A,,,,,,,,,,,,,,,1/1/2025,Y00-1-7-61488,N/A,N/A,N/A,N/A,N/A,N/A,3/11/2025,,,N/A,N/A POR TIPO DE UNIDAD,N/A POR TIPO DE UNIDAD,N/A POR TIPO DE UNIDAD,N/A POR TIPO DE UNIDAD,N/A POR TIPO DE UNIDAD,N/A POR TIPO DE UNIDAD
,A-19,CICSA,,AUX. COMBUSTIBLE,GMG,N/A,4,N/A,ROJO,UTILITARIO,FORD IKON,2011,9BFBP1AN0B8140855 ,DFE921B,HECHO EN CHINA,,,N/A,N/A,N/A,N/A,,,,,,,,,,,,,,,1/1/2025,Y00-1-7-61488,N/A,N/A,N/A,N/A,N/A,N/A,3/11/2025,,,N/A,N/A POR TIPO DE UNIDAD,N/A POR TIPO DE UNIDAD,N/A POR TIPO DE UNIDAD,N/A POR TIPO DE UNIDAD,N/A POR TIPO DE UNIDAD,N/A POR TIPO DE UNIDAD
,AG-04,ANDRES GARCIA,,LOGISTICA,GMG,N/A,4,N/A,AMARILLO,PICK-UP,DODGE RAM,2009,1D3HV18T49S715932,CM-4996-A,,,,N/A,N/A,N/A,N/A,,,,,,,,N/A,N/A,N/A,N/A,N/A,N/A,,1/1/2025,Y00-1-7-61488,N/A,N/A,N/A,N/A,N/A,N/A,3/11/2025,,,N/A,N/A POR TIPO DE UNIDAD,N/A POR TIPO DE UNIDAD,N/A POR TIPO DE UNIDAD,N/A POR TIPO DE UNIDAD,N/A POR TIPO DE UNIDAD,N/A POR TIPO DE UNIDAD
,,GRUAS BASE CARMEN                                                                                                                                                                                                                                                              GRUAS BASE CARMEN,,,,,,,,,,,,,,,,,,,,,,,,,,,,,,,,,,,,,,,,,,,,,,,,,,,
,G-13,CICSA,,LOGISTICA,SLB/BAKER,N/A,4,40 TONS,AMARILLO,GRUA TELESCÓPICA,GROVE RT 540 E,2014,9200280118,N/A,N/A,N/A,N/A,N/A,N/A,N/A,N/A,N/A,,,,,,,40 TONS,13/2/2024,N/A,N/A,N/A,N/A,,,01-074-07022277-00000-02,N/A,N/A,N/A,N/A,N/A,SIN ACCESO POR CAMBIO DE SISTEMA SACC A GRO,3/11/2025,31/12/2025,31/12/2025,N/A,N/A POR TIPO DE UNIDAD,N/A POR TIPO DE UNIDAD,N/A POR TIPO DE UNIDAD,N/A POR TIPO DE UNIDAD,N/A POR TIPO DE UNIDAD,N/A POR TIPO DE UNIDAD
,G-14,CICSA,,,,,,80 TONS,AMARILLO,GRUA TELESCÓPICA,GROVE RT880E,2013,234053,N/A,N/A,N/A,N/A,N/A,N/A,N/A,N/A,,,,,,,,,,,,,,,,,N/A,N/A,N/A,N/A,N/A,SIN ACCESO POR CAMBIO DE SISTEMA SACC A GRO,3/11/2025,31/12/2025,31/12/2025,N/A,N/A POR TIPO DE UNIDAD,N/A POR TIPO DE UNIDAD,N/A POR TIPO DE UNIDAD,N/A POR TIPO DE UNIDAD,N/A POR TIPO DE UNIDAD,N/A POR TIPO DE UNIDAD
,G-26,CICSA,ROMAN DE LOS ANGELES MARTINEZ HERNANDEZ,LOGISTICA,SLB/BAKER,N/A,4,40 TONS,AMARILLO,GRUA TELESCÓPICA,GROVE RT 540 E,2014,9200280170,N/A,N/A,N/A,N/A,N/A,N/A,N/A,N/A,,,,,,,,40 TONS,13/2/2024,N/A,N/A,N/A,N/A,,,01-074-07022277-00000-02,N/A,N/A,N/A,N/A,N/A,SIN ACCESO POR CAMBIO DE SISTEMA SACC A GRO,3/11/2025,31/12/2025,31/12/2025,N/A,N/A POR TIPO DE UNIDAD,N/A POR TIPO DE UNIDAD,N/A POR TIPO DE UNIDAD,N/A POR TIPO DE UNIDAD,N/A POR TIPO DE UNIDAD,N/A POR TIPO DE UNIDAD
,G-43,CICSA,FRANCISCO COJ DAMIAN,LOGISTICA,SLB,N/A,6,130 TONS,ROJO/BLANCO,GRUA TELESCÓPICA,LINK-BELT,2016,R3K6-4615,N/A,N/A,N/A,N/A,N/A,N/A,N/A,N/A,,,,,,,,130 TONS,13/2/2024,N/A,N/A,N/A,N/A,,,01-074-07022277-00000-02,N/A,N/A,N/A,N/A,N/A,SIN ACCESO POR CAMBIO DE SISTEMA SACC A GRO,3/11/2025,31/12/2025,31/12/2025,N/A,N/A POR TIPO DE UNIDAD,N/A POR TIPO DE UNIDAD,N/A POR TIPO DE UNIDAD,N/A POR TIPO DE UNIDAD,N/A POR TIPO DE UNIDAD,N/A POR TIPO DE UNIDAD
,G-49,CICSA,,LOGISTICA,SLB,N/A,4,100 TONS,AMARILLO,GRUA TELESCÓPICA,GROVE GRT8100,2022,622303,N/A,,,,,,,N/A,,,,,,,,,,,,,,,1/1/2024,,N/A,N/A,N/A,,,,1/4/2023,FALSE,FALSE,N/A,,,,,,
,,TRACTOCAMIONES BASE PARAISO                                                                                                                                                                                                                                                  TRACTOCAMIONES BASE  PARAISO,,,,,,,,,,,,,,,,,,,,,,,,,,,,,,,,,,,,,,,,,,,,,,,,,,,
,T-01,CICSA,SIN ASIGNACIÓN,LOGISTICA,SLB/BAKER,3,10,25 TONS,ROJO,TRACTOCAMION,KENWORTH T-800,2007,3WKDDB0X77F805859,368EU4,9NZ06640,1503728,11-mar-2014,0407CIC03062013230901004,1F4D,27/05/2023,OBJETOS VOLUMINOSOS Y DE GRAN TAMAÑO,,VIGENTE,10/6/2023,,,,TRUE,N/A,N/A,,,,,SEGUROS ATLAS,1/1/2026,Y00-1-7-69377,NO APLICA POR AÑO,NO APLICA POR AÑO,NO APLICA POR AÑO,NO APLICA POR AÑO,NO APLICA POR AÑO,SIN ACCESO POR CAMBIO DE SISTEMA SACC A GRO,3/11/2025,31/12/2025,31/12/2025,1/1/2026,"FUERA DE PROYECTO POR PROPIEDAD, MODALIDAD Y ANTIGUEDAD","FUERA DE PROYECTO POR PROPIEDAD, MODALIDAD Y ANTIGUEDAD","FUERA DE PROYECTO POR PROPIEDAD, MODALIDAD Y ANTIGUEDAD","FUERA DE PROYECTO POR PROPIEDAD, MODALIDAD Y ANTIGUEDAD","FUERA DE PROYECTO POR PROPIEDAD, MODALIDAD Y ANTIGUEDAD","FUERA DE PROYECTO POR PROPIEDAD, MODALIDAD Y ANTIGUEDAD"
,T-02,CICSA,,LOGISTICA,FULL,3,10,26 TONS,ROJO,TRACTOCAMION,KENWORTH T-800,2013,3WKDD40X3DF847632,811AN3,9NZ06618,2894459,25-oct-2021,0407CIC02092011230305019,1F4D,27/05/2023,"MATERIALES, RESIDUOS REMANENTES Y DESECHOS PELIGROSOS",,,,,,,TRUE,N/A,N/A,,,,,SEGUROS ATLAS,1/1/2026,Y00-1-7-69377,1/8/2025,31/12/2025,31/12/2025,31/12/2025,,SIN ACCESO POR CAMBIO DE SISTEMA SACC A GRO,3/11/2025,31/12/2025,31/12/2025,1/1/2026,FUERA DE PROYECTO POR PROPIEDAD,FUERA DE PROYECTO POR PROPIEDAD,FUERA DE PROYECTO POR PROPIEDAD,FUERA DE PROYECTO POR PROPIEDAD,FUERA DE PROYECTO POR PROPIEDAD,FUERA DE PROYECTO POR PROPIEDAD
,T-03,CICSA,,LOGISTICA,GMG,3,10,26 TONS,ROJO,TRACTOCAMION,KENWORTH T-800,2013,3WKDD40X5DF847633,810AN3,79614759,2894551,25-oct-2021,0407CIC02092011230305013,1F4D,27/05/2023,"MATERIALES, RESIDUOS REMANENTES Y DESECHOS PELIGROSOS",,,,,,,TRUE,N/A,N/A,,,,,SEGUROS ATLAS,1/1/2026,Y00-1-7-69377,1/8/2025,31/12/2025,31/12/2025,31/12/2025,,SIN ACCESO POR CAMBIO DE SISTEMA SACC A GRO,3/11/2025,31/12/2025,31/12/2025,1/1/2026,FUERA DE PROYECTO POR PROPIEDAD,FUERA DE PROYECTO POR PROPIEDAD,FUERA DE PROYECTO POR PROPIEDAD,FUERA DE PROYECTO POR PROPIEDAD,FUERA DE PROYECTO POR PROPIEDAD,FUERA DE PROYECTO POR PROPIEDAD
,T-05,CICSA,SIN ASIGNACIÓN,LOGISTICA,GMG,3,10,25 TONS,ROJO,TRACTOCAMION,KENWORTH T-800,2007,3WKDDB0X37F805860,369EU4,9NZ06602,1503729,11-mar-2014,0407CIC03062013230901005,1F4D,27/05/2023,OBJETOS VOLUMINOSOS Y DE GRAN TAMAÑO,,VIGENTE,2/8/2023,,,,TRUE,N/A,N/A,,,,,SEGUROS ATLAS,1/1/2026,Y00-1-7-69377,NO APLICA POR AÑO,NO APLICA POR AÑO,NO APLICA POR AÑO,NO APLICA POR AÑO,NO APLICA POR AÑO,SIN ACCESO POR CAMBIO DE SISTEMA SACC A GRO,3/11/2025,31/12/2025,31/12/2025,1/1/2026,"FUERA DE PROYECTO POR PROPIEDAD, MODALIDAD Y ANTIGUEDAD","FUERA DE PROYECTO POR PROPIEDAD, MODALIDAD Y ANTIGUEDAD","FUERA DE PROYECTO POR PROPIEDAD, MODALIDAD Y ANTIGUEDAD","FUERA DE PROYECTO POR PROPIEDAD, MODALIDAD Y ANTIGUEDAD","FUERA DE PROYECTO POR PROPIEDAD, MODALIDAD Y ANTIGUEDAD","FUERA DE PROYECTO POR PROPIEDAD, MODALIDAD Y ANTIGUEDAD"
,T-12,CICSA,,LOGISTICA,GMG,3,10,24 TONS,ROJO,TRACTOCAMION,KENWORTH T-800B,2009,3WKDD40X69F826264,586AE6,79300435,2894555,25-0ct-2021,0407CIC02092011230305005,1F4D,27/05/2023,"MATERIALES, RESIDUOS REMANENTES Y DESECHOS PELIGROSOS",,,,,,,FALSE,,,,,,,SEGUROS ATLAS,1/1/2026,Y00-1-7-69377,1/8/2025,31/12/2025,31/12/2025,31/12/2025,,SIN ACCESO POR CAMBIO DE SISTEMA SACC A GRO,3/11/2025,31/12/2025,31/12/2025,1/1/2026,"FUERA DE PROYECTO POR PROPIEDAD, MODALIDAD Y ANTIGUEDAD","FUERA DE PROYECTO POR PROPIEDAD, MODALIDAD Y ANTIGUEDAD","FUERA DE PROYECTO POR PROPIEDAD, MODALIDAD Y ANTIGUEDAD","FUERA DE PROYECTO POR PROPIEDAD, MODALIDAD Y ANTIGUEDAD","FUERA DE PROYECTO POR PROPIEDAD, MODALIDAD Y ANTIGUEDAD","FUERA DE PROYECTO POR PROPIEDAD, MODALIDAD Y ANTIGUEDAD"
,T-19,CICSA,,LOGISTICA,FULL,3,10,24 TONS,ROJO,TRACTOCAMION,KENWORTH-T800B,2009,3WKDD40XX9F826266,583AE6,79300441,2894566,26-oct-2021,0407CIC02092011230305032,1F4D,27/05/2023,"MATERIALES, RESIDUOS REMANENTES Y DESECHOS PELIGROSOS",,,,,,,TRUE,N/A,N/A,,,,,SEGUROS ATLAS,1/1/2026,Y00-1-7-69377,1/8/2025,31/12/2025,31/12/2025,31/12/2025,,SIN ACCESO POR CAMBIO DE SISTEMA SACC A GRO,3/11/2025,31/12/2025,31/12/2025,1/1/2026,"FUERA DE PROYECTO POR PROPIEDAD, MODALIDAD Y ANTIGUEDAD","FUERA DE PROYECTO POR PROPIEDAD, MODALIDAD Y ANTIGUEDAD","FUERA DE PROYECTO POR PROPIEDAD, MODALIDAD Y ANTIGUEDAD","FUERA DE PROYECTO POR PROPIEDAD, MODALIDAD Y ANTIGUEDAD","FUERA DE PROYECTO POR PROPIEDAD, MODALIDAD Y ANTIGUEDAD","FUERA DE PROYECTO POR PROPIEDAD, MODALIDAD Y ANTIGUEDAD"
,T-22,CICSA,,LOGISTICA,FULL,3,10,26 TONS,ROJO,TRACTOCAMION,KENWORTH T-660,2014,3WKDD40X5EF852221,77BE6M,79651979,2894565,26-oct-2021,0407CIC02092011230305036,1F4D,27/05/2023,"MATERIALES, RESIDUOS REMANENTES Y DESECHOS PELIGROSOS",,VIGENTE,15/2/2024,,,,TRUE,N/A,N/A,,,,,SEGUROS ATLAS,1/1/2026,Y00-1-7-69377,1/8/2025,31/12/2025,31/12/2025,31/12/2025,,SIN ACCESO POR CAMBIO DE SISTEMA SACC A GRO,3/11/2025,31/12/2025,31/12/2025,1/1/2026,FUERA DE PROYECTO POR PROPIEDAD,FUERA DE PROYECTO POR PROPIEDAD,FUERA DE PROYECTO POR PROPIEDAD,FUERA DE PROYECTO POR PROPIEDAD,FUERA DE PROYECTO POR PROPIEDAD,FUERA DE PROYECTO POR PROPIEDAD
,T-75,CICSA,,LOGISTICA,FULL,3,10,26 TONS,ROJO,TRACTOCAMION,KENWORTH T-660,2013,3WKAD40X8DF841196,88BA7F,79559988,2894563,19-sep-2017,0407CIC02092011230305012,1F4D,27/05/2023,"MATERIALES, RESIDUOS REMANENTES Y DESECHOS PELIGROSOS",,VIGENTE,14/2/2024,,,,TRUE,N/A,N/A,,,,,SEGUROS ATLAS,1/1/2026,Y00-1-7-69377,1/8/2025,31/12/2025,31/12/2025,31/12/2025,,SIN ACCESO POR CAMBIO DE SISTEMA SACC A GRO,3/11/2025,31/12/2025,31/12/2025,1/1/2026,FUERA DE PROYECTO POR PROPIEDAD,FUERA DE PROYECTO POR PROPIEDAD,FUERA DE PROYECTO POR PROPIEDAD,FUERA DE PROYECTO POR PROPIEDAD,FUERA DE PROYECTO POR PROPIEDAD,FUERA DE PROYECTO POR PROPIEDAD
,T-09,CICSA,,LOGISTICA,CONFIGURACIÓN/ FULL,3,10,24 TONS,ROJO,TRACTOCAMION,KENWORTH T-660,2009,3WKAD40X29F825969,588AE6,79316430,2894559,25-oct-2021,0407CIC02092011230305002,1F4D,27/05/2023,"MATERIALES, RESIDUOS REMANENTES Y DESECHOS PELIGROSOS",,VIGENTE,6/6/2023,,,,TRUE,N/A,N/A,,,,,SEGUROS ATLAS,1/1/2026,Y00-1-7-69377,NO APLICA POR AÑO,NO APLICA POR AÑO,NO APLICA POR AÑO,NO APLICA POR AÑO,NO APLICA POR AÑO,SIN ACCESO POR CAMBIO DE SISTEMA SACC A GRO,3/11/2025,31/12/2025,31/12/2025,1/1/2026,FUERA DE PROYECTO POR PROPIEDAD Y ANTIGUEDAD,FUERA DE PROYECTO POR PROPIEDAD Y ANTIGUEDAD,FUERA DE PROYECTO POR PROPIEDAD Y ANTIGUEDAD,FUERA DE PROYECTO POR PROPIEDAD Y ANTIGUEDAD,FUERA DE PROYECTO POR PROPIEDAD Y ANTIGUEDAD,FUERA DE PROYECTO POR PROPIEDAD Y ANTIGUEDAD
,T-14,CICSA,,LOGISTICA,CONFIGURACIÓN/ FULL,3,10,24 TONS,ROJO,TRACTOCAMION,KENWORTH T-660,2009,3WKAD40X89F825782,592AE6,79316825,2894482,25-oct-2021,0407CIC02092011230305040,1F4D,27/05/2023,"MATERIALES, RESIDUOS REMANENTES Y DESECHOS PELIGROSOS",,VIGENTE,23/6/2023,,,,TRUE,N/A,N/A,,,,,SEGUROS ATLAS,1/1/2026,Y00-1-7-69377,NO APLICA POR AÑO,NO APLICA POR AÑO,NO APLICA POR AÑO,NO APLICA POR AÑO,NO APLICA POR AÑO,SIN ACCESO POR CAMBIO DE SISTEMA SACC A GRO,3/11/2025,31/12/2025,31/12/2025,1/1/2026,FUERA DE PROYECTO POR PROPIEDAD Y ANTIGUEDAD,FUERA DE PROYECTO POR PROPIEDAD Y ANTIGUEDAD,FUERA DE PROYECTO POR PROPIEDAD Y ANTIGUEDAD,FUERA DE PROYECTO POR PROPIEDAD Y ANTIGUEDAD,FUERA DE PROYECTO POR PROPIEDAD Y ANTIGUEDAD,FUERA DE PROYECTO POR PROPIEDAD Y ANTIGUEDAD
,T-21,CICSA,,LOGISTICA,FULL,3,10,26 TONS,ROJO,TRACTOCAMION,KENWORTH T-800B,2014,3WKDD40X3EF852220,75BE6M,79651967,2894567,26-oct-2021,0407CIC02092011230305056,1F4D,27/05/2023,"MATERIALES, RESIDUOS REMANENTES Y DESECHOS PELIGROSOS",,VIGENTE,15/2/2024,,,,TRUE,N/A,N/A,,,,,SEGUROS ATLAS,1/1/2026,Y00-1-7-69377,1/8/2025,31/12/2025,31/12/2025,31/12/2025,,SIN ACCESO POR CAMBIO DE SISTEMA SACC A GRO,3/11/2025,31/12/2025,31/12/2025,1/1/2026,FUERA DE PROYECTO POR PROPIEDAD,FUERA DE PROYECTO POR PROPIEDAD,FUERA DE PROYECTO POR PROPIEDAD,FUERA DE PROYECTO POR PROPIEDAD,FUERA DE PROYECTO POR PROPIEDAD,FUERA DE PROYECTO POR PROPIEDAD
,T-36,CICSA,,LOGISTICA,FULL,3,10,26 TONS,ROJO,TRACTOCAMION,KENWORTH T-800B,2014,3WKDD40X7EF852222,76BE6M,79652299,2894564,26-oct-2021,0407CIC02092011230305036,1F4D,27/05/2023,"MATERIALES, RESIDUOS REMANENTES Y DESECHOS PELIGROSOS",,VIGENTE,13/2/2024,,,,TRUE,N/A,N/A,,,,,SEGUROS ATLAS,1/1/2026,Y00-1-7-69377,1/8/2025,31/12/2025,31/12/2025,31/12/2025,,SIN ACCESO POR CAMBIO DE SISTEMA SACC A GRO,3/11/2025,31/12/2025,31/12/2025,1/1/2026,FUERA DE PROYECTO POR PROPIEDAD,FUERA DE PROYECTO POR PROPIEDAD,FUERA DE PROYECTO POR PROPIEDAD,FUERA DE PROYECTO POR PROPIEDAD,FUERA DE PROYECTO POR PROPIEDAD,FUERA DE PROYECTO POR PROPIEDAD
,T-35,CICSA,,LOGISTICA,FULL,3,10,26 TONS,ROJO,TRACTOCAMION,KENWORTH T-800B,2014,3WKDD40X0EF852224,74BE6M,79652305,2894561,26-oct-2021,0407CIC02092011230305036,1F4D,27/05/2023,"MATERIALES, RESIDUOS REMANENTES Y DESECHOS PELIGROSOS",,VIGENTE,23/6/2023,,,,TRUE,N/A,N/A,,,,,SEGUROS ATLAS,1/1/2026,Y00-1-7-69377,1/8/2025,31/12/2025,31/12/2025,31/12/2025,,SIN ACCESO POR CAMBIO DE SISTEMA SACC A GRO,3/11/2025,31/12/2025,31/12/2025,1/1/2026,FUERA DE PROYECTO POR PROPIEDAD,FUERA DE PROYECTO POR PROPIEDAD,FUERA DE PROYECTO POR PROPIEDAD,FUERA DE PROYECTO POR PROPIEDAD,FUERA DE PROYECTO POR PROPIEDAD,FUERA DE PROYECTO POR PROPIEDAD
,T-52,CICSA,,LOGISTICA,GMG,3,10,24 TONS,ROJO,TRACTOCAMION,KENWORTH T-800B,2019,3WKDD09X0KF874814,70BE6M,35348179,2894556,25-oct-2021,0407CIC02092011230305055,1F4D,27/05/2023,"MATERIALES, RESIDUOS REMANENTES Y DESECHOS PELIGROSOS",,,,,,,TRUE,N/A,N/A,,,,,SEGUROS ATLAS,1/1/2026,Y00-1-7-69377,1/8/2025,31/12/2025,31/12/2025,31/12/2025,,SIN ACCESO POR CAMBIO DE SISTEMA SACC A GRO,3/11/2025,31/12/2025,31/12/2025,1/1/2026,FUERA DE PROYECTO POR PROPIEDAD,FUERA DE PROYECTO POR PROPIEDAD,FUERA DE PROYECTO POR PROPIEDAD,FUERA DE PROYECTO POR PROPIEDAD,FUERA DE PROYECTO POR PROPIEDAD,FUERA DE PROYECTO POR PROPIEDAD
,T-74,CICSA,,LOGISTICA,FULL,3,10,26 TONS,ROJO,TRACTOCAMION,KENWORTH T-660,2013,3WKAD40X0DF840169,645AH4,79553232,2894562,26-oct-2021,0407CIC02092011230305012,1F4D,27/05/2023,"MATERIALES, RESIDUOS REMANENTES Y DESECHOS PELIGROSOS",,VIGENTE,15/2/2024,,,,TRUE,N/A,N/A,,,,,SEGUROS ATLAS,1/1/2026,Y00-1-7-69377,1/8/2025,31/12/2025,31/12/2025,31/12/2025,,SIN ACCESO POR CAMBIO DE SISTEMA SACC A GRO,3/11/2025,31/12/2025,31/12/2025,1/1/2026,FUERA DE PROYECTO POR PROPIEDAD,FUERA DE PROYECTO POR PROPIEDAD,FUERA DE PROYECTO POR PROPIEDAD,FUERA DE PROYECTO POR PROPIEDAD,FUERA DE PROYECTO POR PROPIEDAD,FUERA DE PROYECTO POR PROPIEDAD
,T-33,GMG,,LOGISTICA,FULL,3,10,26 TONS,ROJO,TRACTOCAMION,KENWORTH T-660,2014,3WKAD40X6EF850741,312EP4,79642022,2730227,27-ago-2021,0407GMG29012013230301001,1F4D,27/05/2023,"MATERIALES, RESIDUOS REMANENTES Y DESECHOS PELIGROSOS",,VIGENTE,6/6/2023,,,,TRUE,N/A,N/A,,,04-ASEA-T-RME-15-17,26/9/2023,SEGUROS ATLAS,1/1/2026,Y00-1-7-69377,1/8/2025,31/12/2025,31/12/2025,31/12/2025,,SIN ACCESO POR CAMBIO DE SISTEMA SACC A GRO,3/11/2025,31/12/2025,31/12/2025,1/1/2026,EN TRÁMITE,EN TRÁMITE,EN TRÁMITE,EN TRÁMITE,EN TRÁMITE,EN TRÁMITE
,T-34,GMG,,LOGISTICA,GMG,3,10,26 TONS,ROJO,TRACTOCAMION,KENWORTH T-800B,2014,3WKAD40X8EF850742,314EP4,79642024,2730228,27-ago-2021,0407GMG29012013230301001,1F4D,27/05/2023,"MATERIALES, RESIDUOS REMANENTES Y DESECHOS PELIGROSOS",,VIGENTE,24/6/2023,,,,TRUE,N/A,N/A,,,04-ASEA-T-RME-15-17,26/9/2023,SEGUROS ATLAS,1/1/2026,Y00-1-7-69377,1/8/2025,31/12/2025,31/12/2025,31/12/2025,,SIN ACCESO POR CAMBIO DE SISTEMA SACC A GRO,3/11/2025,31/12/2025,31/12/2025,1/1/2026,EN TRÁMITE,EN TRÁMITE,EN TRÁMITE,EN TRÁMITE,EN TRÁMITE,EN TRÁMITE
,T-70,GMG,,LOGISTICA,GMG,3,10,16.7 TONS,ROJO,TRACTOCAMION,KENWORTH T-800B,2019,3WKDD09X8KF875080,31AJ7D,35348845,2730195,26-ago-2021,0407GMG29012013230301008,1F4D,27/05/2023,"MATERIALES, RESIDUOS REMANENTES Y DESECHOS PELIGROSOS",,VIGENTE,14/6/2023,,,,TRUE,N/A,N/A,,,04-ASEA-T-RME-15-17,26/9/2023,SEGUROS ATLAS,1/1/2026,Y00-1-7-69377,1/8/2025,31/12/2025,31/12/2025,31/12/2025,,SIN ACCESO POR CAMBIO DE SISTEMA SACC A GRO,3/11/2025,31/12/2025,31/12/2025,1/1/2026,31/12/2025,31/12/2025,31/12/2025,31/12/2025,31/12/2025,31/12/2025
,T-06,GMG,UNIDAD ENTREGADA A CICSA,LOGISTICA,GMG,3,10,26 TONS,ROJO,TRACTOCAMION,KENWORTH T-800,2014,3WKDD40X1EF850739,315EP4,79641746,2730226,27-ago-2021,0407GMG29012013230301001,1F4D,27/05/2023,"MATERIALES, RESIDUOS REMANENTES Y DESECHOS PELIGROSOS",,VIGENTE,15/2/2024,,,,TRUE,N/A,N/A,,,,,SEGUROS ATLAS,1/1/2026,Y00-1-7-69377,1/8/2025,31/12/2025,31/12/2025,31/12/2025,,SIN ACCESO POR CAMBIO DE SISTEMA SACC A GRO,3/11/2025,31/12/2025,31/12/2025,1/1/2026,UNIDAD MUY DETERIORADA,UNIDAD MUY DETERIORADA,UNIDAD MUY DETERIORADA,UNIDAD MUY DETERIORADA,UNIDAD MUY DETERIORADA,UNIDAD MUY DETERIORADA
,,UNIDADES HIAB BASE PARAISO                                                                                                                                                                                                                                                              UNIDADES HIAB BASE PARAISO,,,,,,,,,,,,,,,,,,,,,,,,,,,,,,,,,,,,,,,,,,,,,,,,,,,
,M-04,CICSA,ANGEL GABRIEL CORDOVA MAGAÑA,LOGISTICA,GMG,2,10,11 TONS,ROJO,TRACTOR,KENWORTH/T370,2019,3BKHHM8X7KF315893,69BE6M,74279565,2287088,19-feb-2019,0407CIC02092011021001035,1F4D,27/05/2023,CARGA GENERAL,,VIGENTE,7/4/2023,,,,TRUE,N/A,N/A,,,,,,1/1/2026,Y00-1-7-61488,31/12/2025,31/12/2025,31/12/2025,NO APLICA POR PROYECTO,N/A POR TIPO DE PROYECTO,,3/11/2025,,,31/12/2025,FUERA DE PROYECTO POR TIPO DE UNIDAD,FUERA DE PROYECTO POR TIPO DE UNIDAD,FUERA DE PROYECTO POR TIPO DE UNIDAD,FUERA DE PROYECTO POR TIPO DE UNIDAD,FUERA DE PROYECTO POR TIPO DE UNIDAD,FUERA DE PROYECTO POR TIPO DE UNIDAD
,M-14,GMG,SIN ASIGNACIÓN,LOGISTICA,GMG,3,10,24 TONS,ROJO,PLATAFORMA,KENWORTH T-370,2014,3BKHLN9X4EF397119,345EP4,73520379,1945506,25-ene-2017,0407GMG29012013230301003,1F4D,27/05/2023,"MATERIALES, RESIDUOS REMANENTES Y DESECHOS PELIGROSOS",,VIGENTE,14/2/2024,,,,TRUE,N/A,4/4/2022,,,,,,1/1/2026,Y00-1-7-69382,31/12/2025,31/12/2025,31/12/2025,NO APLICA POR PROYECTO,N/A POR TIPO DE PROYECTO,19/02/2024,3/11/2025,,,31/12/2025,FUERA DE PROYECTO POR TIPO DE UNIDAD,FUERA DE PROYECTO POR TIPO DE UNIDAD,FUERA DE PROYECTO POR TIPO DE UNIDAD,FUERA DE PROYECTO POR TIPO DE UNIDAD,FUERA DE PROYECTO POR TIPO DE UNIDAD,FUERA DE PROYECTO POR TIPO DE UNIDAD
,,PLANAS BASE PARAISO                                                                                                                                                                                                                                                              PLANAS BASE PARAISO,,,,,,,,,,,,,,,,,,,,,,,,,,,,,,,,,,,,,,,,,,,,,,,,,,,
,PLN-02,CICSA,SIN ASIGNACIÓN,LOGISTICA,GMG,3,,36 TONS,ROJO,PLATAFORMA,RODRIGUEZ Y RODRIGUEZ,2006,3F9P242C16R011091,561WB5,N/A,,,,,,"MATERIALES, RESIDUOS REMANENTES Y DESECHOS PELIGROSOS",,,,,N/A,,TRUE,N/A,N/A,,,,,,1/1/2023,,N/A,N/A,N/A,,,,N/A,TRUE,FALSE,N/A,,,,,,
,PLN-04,CICSA,SIN ASIGNACIÓN,LOGISTICA,GMG,2,8,30 TONS,ROJO,PLATAFORMA,RODRIGUEZ Y RODRIGUEZ,2009,3F9P240B69R011215,683UE1,N/A,1945698,,0407CIC02092011230305008,,,"MATERIALES, RESIDUOS REMANENTES Y DESECHOS PELIGROSOS",,VIGENTE,2/4/2023,,N/A,,TRUE,N/A,N/A,,,,,SEGUROS ATLAS,AMPARADA POR TRACTOCAMIÓN,Y00-1-7-69377,N/A,N/A,N/A,N/A,N/A,N/A,N/A,TRUE,TRUE,N/A,N/A,N/A,N/A,N/A,N/A,N/A
,PLN-06,CICSA,LUIS ALBERTO RAMIREZ MENDEZ,LOGISTICA,GMG,2,8,30 TONS,ROJO,PLATAFORMA,RODRIGUEZ Y RODRIGUEZ,2009,3F9P240B89R011216,682UE1,N/A,2730142,,0407CIC02092011230305058,,,"MATERIALES, RESIDUOS REMANENTES Y DESECHOS PELIGROSOS",,VIGENTE,2/6/2023,,N/A,,TRUE,N/A,N/A,,,,,SEGUROS ATLAS,AMPARADA POR TRACTOCAMIÓN,Y00-1-7-69377,N/A,N/A,N/A,N/A,N/A,N/A,N/A,TRUE,FALSE,N/A,N/A,N/A,N/A,N/A,N/A,N/A
,PLN-07,GMG,JUAN ISIDRO ROMERO ZAPATA,LOGISTICA,GMG FULL,2,8,30 TON,ROJO,PLATAFORMA,RODRIGUEZ Y RODRIGUEZ,2010,3F9P240B7AR011261,758UE1,N/A,1059683,,0407CIC02092011230305010,,,"MATERIALES, RESIDUOS REMANENTES Y DESECHOS PELIGROSOS",,VIGENTE,9/11/2023,,N/A,,TRUE,N/A,N/A,,,,,SEGUROS ATLAS,AMPARADA POR TRACTOCAMIÓN,Y00-1-7-69377,N/A,N/A,N/A,N/A,N/A,N/A,N/A,TRUE,FALSE,N/A,N/A,N/A,N/A,N/A,N/A,N/A
,PLN-08,CICSA,SIN ASIGNACIÓN,LOGISTICA,C/RECORTE GMG,2,8,17 TON,ROJO,PLATAFORMA,ALCALA,2007,3S9PM40827A031007,563WB5,N/A,2039986,,0407CIC02092011230305052,,,"MATERIALES, RESIDUOS REMANENTES Y DESECHOS PELIGROSOS",,VIGENTE,3/6/2023,,N/A,,TRUE,N/A,N/A,,,,,SEGUROS ATLAS,AMPARADA POR TRACTOCAMIÓN,Y00-1-7-69377,N/A,N/A,N/A,N/A,N/A,N/A,N/A,TRUE,FALSE,N/A,N/A,N/A,N/A,N/A,N/A,N/A
,PLN-09,CICSA,,LOGISTICA,GMG,3,12,40 TONS,ROJO,PLATAFORMA,EL MEXICANO,2013,3T9PA4033DM081019,334TZ6,N/A,,,,,,"MATERIALES, RESIDUOS REMANENTES Y DESECHOS PELIGROSOS",,,,,N/A,,TRUE,N/A,N/A,,,,,SEGUROS ATLAS,AMPARADA POR TRACTOCAMIÓN,Y00-1-7-69377,N/A,N/A,N/A,N/A,N/A,N/A,N/A,TRUE,FALSE,N/A,N/A,N/A,N/A,N/A,N/A,N/A
,PLN-11,GMG,,LOGISTICA,GMG,3,12,40 TONS,ROJO,PLATAFORMA,GONDOLAS Y REMOLQUES,2015,3G9278CP2F1030089,412XB4,N/A,,,,,,"MATERIALES, RESIDUOS REMANENTES Y DESECHOS PELIGROSOS",,,,,N/A,,TRUE,N/A,N/A,,,,,SEGUROS ATLAS,AMPARADA POR TRACTOCAMIÓN,Y00-1-7-69377,N/A,N/A,N/A,N/A,N/A,N/A,N/A,TRUE,FALSE,N/A,N/A,N/A,N/A,N/A,N/A,N/A
,PLN-24,CICSA,DAVID MAY RAMIREZ,LOGISTICA,C/RECORTE GMG,2,8,28 TON,ROJO,PLATAFORMA,RODRIGUEZ Y RODRIGEZ,2008,3F9P240B88R011201,639UE1,N/A,,,,,,"MATERIALES, RESIDUOS REMANENTES Y DESECHOS PELIGROSOS",,VIGENTE,6/6/2023,,N/A,,TRUE,N/A,N/A,,,,,SEGUROS ATLAS,AMPARADA POR TRACTOCAMIÓN,Y00-1-7-69377,N/A,N/A,N/A,N/A,N/A,N/A,N/A,TRUE,FALSE,N/A,N/A,N/A,N/A,N/A,N/A,N/A
,PLN-29,CICSA,FUERA DE SERVICIO,LOGISTICA,PLANA,2,8,30 TONS,ROJO,PLATAFORMA,RODRIGUEZ Y RODRIGEZ,2010,3F9P240B9AR011262,759UE1,N/A,1945539,,0407CIC02092011230305011,,,"MATERIALES, RESIDUOS REMANENTES Y DESECHOS PELIGROSOS",,VIGENTE,14/3/2023,,N/A,,TRUE,N/A,N/A,,,,,SEGUROS ATLAS,AMPARADA POR TRACTOCAMIÓN,Y00-1-7-69377,N/A,N/A,N/A,N/A,N/A,N/A,N/A,TRUE,FALSE,N/A,N/A,N/A,N/A,N/A,N/A,N/A
,PLN-33,GMG,FUERA DE SERVICIO,LOGISTICA,C/RECORTE,2,8,28 TON,ROJO,PLATAFORMA,RODRIGUEZ Y RODRIGEZ,2008,3F9P240B18R011203,640UE1,N/A,,,0407CIC02092011230305007,,,"MATERIALES, RESIDUOS REMANENTES Y DESECHOS PELIGROSOS",,VIGENTE,1/6/2023,,N/A,,TRUE,N/A,N/A,,,,,SEGUROS ATLAS,AMPARADA POR TRACTOCAMIÓN,Y00-1-7-69377,N/A,N/A,N/A,N/A,N/A,N/A,N/A,TRUE,FALSE,N/A,N/A,N/A,N/A,N/A,N/A,N/A
,PLN-39,GMG,RAUL HERNANDEZ JAVIER,LOGISTICA,FULL GMG,3,12,36 TON,ROJO,PLATAFORMA,RODRIGUEZ Y RODRIGEZ,2007,3F9P240C87R011142,122WJ7,N/A,,,,,,"MATERIALES, RESIDUOS REMANENTES Y DESECHOS PELIGROSOS",,VIGENTE,2/4/2023,,N/A,,TRUE,N/A,N/A,,,,,SEGUROS ATLAS,AMPARADA POR TRACTOCAMIÓN,Y00-1-7-69377,N/A,N/A,N/A,N/A,N/A,N/A,N/A,TRUE,FALSE,N/A,N/A,N/A,N/A,N/A,N/A,N/A
,PLN-22,GMG,JOSE TRINIDAD HERNANDEZ GONZALEZ,LOGISTICA,FULL GMG,2,8,38 TONS,ROJO,PLATAFORMA,EL MEXICANO,2013,3T9PA382XDM081069,359TZ6,N/A,2730253,,0407GMG29012013230301001,,,"MATERIALES, RESIDUOS REMANENTES Y DESECHOS PELIGROSOS",,VIGENTE,9/11/2023,,N/A,,TRUE,N/A,N/A,,,04-ASEA-T-RME-15-17,26/9/2023,SEGUROS ATLAS,AMPARADA POR TRACTOCAMIÓN,Y00-1-7-69377,N/A,N/A,N/A,N/A,N/A,N/A,N/A,TRUE,FALSE,N/A,N/A,N/A,N/A,N/A,N/A,N/A
,PLN-23,GMG,JUAN JOSE CORDOVA MAGAÑA,LOGISTICA,C/RECORTE GMG,2,8,38 TON,ROJO,PLATAFORMA,EL MEXICANO,2013,3T9PA3828DM081068,360TZ6,N/A,2730252,,0407GMG29012013230301001,,,"MATERIALES, RESIDUOS REMANENTES Y DESECHOS PELIGROSOS",,VIGENTE,6/6/2023,,N/A,,TRUE,N/A,N/A,,,04-ASEA-T-RME-15-17,26/9/2023,SEGUROS ATLAS,AMPARADA POR TRACTOCAMIÓN,Y00-1-7-69377,N/A,N/A,N/A,N/A,N/A,N/A,N/A,TRUE,FALSE,N/A,N/A,N/A,N/A,N/A,N/A,N/A
,PLN-28,GMG,JOSE TRINIDAD HERNANDEZ GONZALEZ,LOGISTICA,GMG,2,8,35 TON,ROJO,PLATAFORMA,GONDOLAS Y REMOLQUES,2013,3G9278BP9D1030024,385TZ6,N/A,2730245,02/09/2021,0407GMG29012013230301002,,,"MATERIALES, RESIDUOS REMANENTES Y DESECHOS PELIGROSOS",,VIGENTE,13/8/2023,,N/A,,TRUE,N/A,N/A,,,04-ASEA-T-RME-15-17,26/9/2023,SEGUROS ATLAS,AMPARADA POR TRACTOCAMIÓN,Y00-1-7-69377,N/A,N/A,N/A,N/A,N/A,N/A,N/A,TRUE,FALSE,N/A,N/A,N/A,N/A,N/A,N/A,N/A
,PLN-34,GMG,DARIO DE JESUS PINEDA VALENCIA,LOGISTICA,GMG,2,8,38 TON,ROJO,PLATAFORMA,EL MEXICANO,2013,3T9PA3826DM081067,361TZ6,N/A,1945551,,0407GMG29012013230301001,,,"MATERIALES, RESIDUOS REMANENTES Y DESECHOS PELIGROSOS",,VIGENTE,5/8/2023,,N/A,,TRUE,N/A,N/A,,,04-ASEA-T-RME-15-17,26/9/2023,SEGUROS ATLAS,AMPARADA POR TRACTOCAMIÓN,Y00-1-7-69377,N/A,N/A,N/A,N/A,N/A,N/A,N/A,TRUE,FALSE,N/A,N/A,N/A,N/A,N/A,N/A,N/A
,PLN-36,GMG,DARIO DE JESUS PINEDA VALENCIA,LOGISTICA,FULL GMG,2,8,35 TON.,ROJO,PLATAFORMA,GONDOLAS Y REMOLQUES,2014,3G9278BP5E1030037,383TZ6,N/A,2286974,,0407GMG29012013230301002,,,"MATERIALES, RESIDUOS REMANENTES Y DESECHOS PELIGROSOS",,VIGENTE,2/6/2023,,N/A,,TRUE,N/A,N/A,,,04-ASEA-T-RME-15-17,26/9/2023,SEGUROS ATLAS,AMPARADA POR TRACTOCAMIÓN,Y00-1-7-69377,N/A,N/A,N/A,N/A,N/A,N/A,N/A,TRUE,FALSE,N/A,N/A,N/A,N/A,N/A,N/A,N/A
,PLN-37,GMG,RAUL HERNANDEZ JAVIER,LOGISTICA,GMG,2,8,35 TON.,ROJO,PLATAFORMA,GONDOLAS Y REMOLQUES ,2014,3G9278BP7E1030038,386TZ6,N/A,1945550,,0407GMG29012013230301002,,,"MATERIALES, RESIDUOS REMANENTES Y DESECHOS PELIGROSOS",,VIGENTE,16/2/2024,,N/A,,TRUE,N/A,N/A,,,04-ASEA-T-RME-15-17,26/9/2023,SEGUROS ATLAS,AMPARADA POR TRACTOCAMIÓN,Y00-1-7-69377,N/A,N/A,N/A,N/A,N/A,N/A,N/A,TRUE,FALSE,N/A,N/A,N/A,N/A,N/A,N/A,N/A
,PLN-70,GMG,RODOLFO OLAN AVALOS,LOGISTICA,PLANA,3,12,30 TON,ROJO,PLATAFORMA,RAMIRO,2020,3S9P440C7L1019059,29UF4L,N/A,,,,,,"MATERIALES, RESIDUOS REMANENTES Y DESECHOS PELIGROSOS",,VIGENTE,2/4/2023,,N/A,,TRUE,N/A,N/A,,,,,SEGUROS ATLAS,AMPARADA POR TRACTOCAMIÓN,Y00-1-7-69377,N/A,N/A,N/A,N/A,N/A,N/A,N/A,TRUE,FALSE,N/A,N/A,N/A,N/A,N/A,N/A,N/A
,PLN-74,GMG,JUAN ISIDRO ROMERO ZAPATA,LOGISTICA,GMG,2,8,36 TONS,ROJO,PLATAFORMA,RAMIRO,2022,3S9P440B1N1019052,58UH5D,N/A,2730243,, 0407GMG29012013230301010,,,"MATERIALES, RESIDUOS REMANENTES Y DESECHOS PELIGROSOS",,VIGENTE,14/2/2024,,N/A,,TRUE,N/A,N/A,,,,,SEGUROS ATLAS,AMPARADA POR TRACTOCAMIÓN,Y00-1-7-69377,N/A,N/A,N/A,N/A,N/A,N/A,N/A,TRUE,FALSE,N/A,N/A,N/A,N/A,N/A,N/A,N/A
,PLN-75,GMG,JUAN ISIDRO ROMERO ZAPATA,LOGISTICA,GMG,2,8,36 TONS,ROJO,PLATAFORMA,RAMIRO,2022,3S9P440B3N1019053,57UH5D,N/A,,, 0407GMG29012013230301010,,,"MATERIALES, RESIDUOS REMANENTES Y DESECHOS PELIGROSOS",,VIGENTE,14/2/2024,,N/A,,TRUE,N/A,N/A,,,,,SEGUROS ATLAS,AMPARADA POR TRACTOCAMIÓN,Y00-1-7-69377,N/A,N/A,N/A,N/A,N/A,N/A,N/A,TRUE,FALSE,N/A,N/A,N/A,N/A,N/A,N/A,N/A
,PLN-76,GMG,ULISES BARAHONA MONTEJO,LOGISTICA,GMG,2,8,36 TONS,ROJO,PLATAFORMA,RAMIRO,2022,3S9P440B5N1019054,56UH5D,N/A,,, 0407GMG29012013230301010,,,"MATERIALES, RESIDUOS REMANENTES Y DESECHOS PELIGROSOS",,VIGENTE,14/2/2024,,N/A,,TRUE,N/A,N/A,,,,,SEGUROS ATLAS,AMPARADA POR TRACTOCAMIÓN,Y00-1-7-69377,N/A,N/A,N/A,N/A,N/A,N/A,N/A,TRUE,FALSE,N/A,N/A,N/A,N/A,N/A,N/A,N/A
,PLN-77,GMG,ULISES BARAHONA MONTEJO,LOGISTICA,GMG,2,8,36 TONS,ROJO,PLATAFORMA,RAMIRO,2022,3S9P440B7N1019055,55UH5D,N/A,,, 0407GMG29012013230301010,,,"MATERIALES, RESIDUOS REMANENTES Y DESECHOS PELIGROSOS",,VIGENTE,13/2/2024,,N/A,,TRUE,N/A,N/A,,,,,SEGUROS ATLAS,AMPARADA POR TRACTOCAMIÓN,Y00-1-7-69377,N/A,N/A,N/A,N/A,N/A,N/A,N/A,TRUE,FALSE,N/A,N/A,N/A,N/A,N/A,N/A,N/A
,PLN-78,GMG,SERGIO EDEL DE LA CRUZ FLORES,LOGISTICA,GMG,2,8,36 TONS,ROJO,PLATAFORMA,RAMIRO,2022,3S9P440B9N1019056,63UH5D,N/A,2730178,, 0407GMG29012013230301011,,,"MATERIALES, RESIDUOS REMANENTES Y DESECHOS PELIGROSOS",,VIGENTE,14/2/2024,,N/A,,TRUE,N/A,N/A,,,,,SEGUROS ATLAS,AMPARADA POR TRACTOCAMIÓN,Y00-1-7-69377,N/A,N/A,N/A,N/A,N/A,N/A,N/A,TRUE,FALSE,N/A,N/A,N/A,N/A,N/A,N/A,N/A
,PLN-79,GMG,SERGIO EDEL DE LA CRUZ FLORES,LOGISTICA,GMG,2,8,36 TONS,ROJO,PLATAFORMA,RAMIRO,2022,3S9P440B0N1019057,62UH5D,N/A,,, 0407GMG29012013230301011,,,"MATERIALES, RESIDUOS REMANENTES Y DESECHOS PELIGROSOS",,VIGENTE,15/2/2024,,N/A,,TRUE,N/A,N/A,,,,,SEGUROS ATLAS,AMPARADA POR TRACTOCAMIÓN,Y00-1-7-69377,N/A,N/A,N/A,N/A,N/A,N/A,N/A,TRUE,FALSE,N/A,N/A,N/A,N/A,N/A,N/A,N/A
,PLN-80,GMG,NEFTHALY BEAUREGARD CHABLE,LOGISTICA,GMG,2,8,36 TONS,ROJO,PLATAFORMA,RAMIRO,2022,3S9P440B2N1019058,61UH5D,N/A,,, 0407GMG29012013230301011,,,"MATERIALES, RESIDUOS REMANENTES Y DESECHOS PELIGROSOS",,VIGENTE,14/2/2024,,N/A,,TRUE,N/A,N/A,,,,,SEGUROS ATLAS,AMPARADA POR TRACTOCAMIÓN,Y00-1-7-69377,N/A,N/A,N/A,N/A,N/A,N/A,N/A,TRUE,FALSE,N/A,N/A,N/A,N/A,N/A,N/A,N/A
,PLN-82,GMG,RICARDO PEREZ PEREZ,LOGISTICA,FULL,2,8,36.5 TONS,ROJO,PLATAFORMA,JR RAMIRO,2022,3S9P440B1N1019116,02UL2B,N/A,,,0407GMG29012013230301013,,,"MATERIALES, RESIDUOS REMANENTES Y DESECHOS PELIGROSOS",,VIGENTE,5/8/2023,,N/A,,TRUE,N/A,N/A,,,,,SEGUROS ATLAS,AMPARADA POR TRACTOCAMIÓN,Y00-1-7-69377,N/A,N/A,N/A,N/A,N/A,N/A,N/A,TRUE,FALSE,N/A,N/A,N/A,N/A,N/A,N/A,N/A
,PLN-83,GMG,RICARDO PEREZ PEREZ,LOGISTICA,FULL,2,8,36 TONS,ROJO,PLATAFORMA,JR RAMIRO,2022,3S9P440B3N1019117,03UL2B,N/A,,,0407GMG29012013230301013,,,"MATERIALES, RESIDUOS REMANENTES Y DESECHOS PELIGROSOS",,VIGENTE,4/8/2023,,N/A,,TRUE,N/A,N/A,,,,,SEGUROS ATLAS,AMPARADA POR TRACTOCAMIÓN,Y00-1-7-69377,N/A,N/A,N/A,N/A,N/A,N/A,N/A,TRUE,FALSE,N/A,N/A,N/A,N/A,N/A,N/A,N/A
,PLN-84,GMG,JAIRO ORTIZ SANCHEZ,LOGISTICA,FULL,2,8,36.5 TONS,ROJO,PLATAFORMA,JR RAMIRO,2022,3S9P440B6N1019158,01UL2B,N/A,,,0407GMG29012013230301013,,,"MATERIALES, RESIDUOS REMANENTES Y DESECHOS PELIGROSOS",,VIGENTE,4/8/2023,,N/A,,TRUE,N/A,N/A,,,,,SEGUROS ATLAS,AMPARADA POR TRACTOCAMIÓN,Y00-1-7-69377,N/A,N/A,N/A,N/A,N/A,N/A,N/A,TRUE,FALSE,N/A,N/A,N/A,N/A,N/A,N/A,N/A
,PLN-85,GMG,JAIRO ORTIZ SANCHEZ,LOGISTICA,FULL,2,8,36.5 TONS,ROJO,PLATAFORMA,JR RAMIRO,2022,3S9P440B8N1019159,99UH5D,.,,,0407GMG29012013230301013,,,"MATERIALES, RESIDUOS REMANENTES Y DESECHOS PELIGROSOS",,VIGENTE,16/2/2024,,N/A,,TRUE,N/A,N/A,,,,,SEGUROS ATLAS,AMPARADA POR TRACTOCAMIÓN,Y00-1-7-69377,N/A,N/A,N/A,N/A,N/A,N/A,N/A,TRUE,FALSE,N/A,N/A,N/A,N/A,N/A,N/A,N/A
,PLN-87,GMG,JORGE LUIS CONTRERAS CONTRERAS,LOGISTICA,FULL,2,8,36.5 TONS,ROJO,PLATAFORMA,JR RAMIRO,2022,3S9P440B6N1019161,97UH5D,N/A,,,0407GMG29012013230301013,,,"MATERIALES, RESIDUOS REMANENTES Y DESECHOS PELIGROSOS",,VIGENTE,15/2/2024,,N/A,,TRUE,N/A,N/A,,,,,SEGUROS ATLAS,AMPARADA POR TRACTOCAMIÓN,Y00-1-7-69377,N/A,N/A,N/A,N/A,N/A,N/A,N/A,TRUE,FALSE,N/A,N/A,N/A,N/A,N/A,N/A,N/A
,PLN-89,GMG,MARTIN HERNANDEZ VENTURA,LOGISTICA,FULL,2,8,36.5 TONS,ROJO,PLATAFORMA,JR RAMIRO,2022,3S9P440BXN1019163,95UH5D,N/A,,,0407GMG29012013230301013,,,"MATERIALES, RESIDUOS REMANENTES Y DESECHOS PELIGROSOS",,VIGENTE,15/2/2024,,N/A,,TRUE,N/A,N/A,,,,,SEGUROS ATLAS,AMPARADA POR TRACTOCAMIÓN,Y00-1-7-69377,N/A,N/A,N/A,N/A,N/A,N/A,N/A,TRUE,FALSE,N/A,N/A,N/A,N/A,N/A,N/A,N/A
,PLN-90,GMG,GUMERCINDO DE LA FUENTE RODRIGUEZ,LOGISTICA,FULL,2,8,36.5 TONS,ROJO,PLATAFORMA,JR RAMIRO,2022,3S9P440B1N1019164,94UH5D,N/A,2592751,,,,,"MATERIALES, RESIDUOS REMANENTES Y DESECHOS PELIGROSOS",,VIGENTE,21/2/2024,,N/A,,TRUE,N/A,N/A,,,,,SEGUROS ATLAS,AMPARADA POR TRACTOCAMIÓN,Y00-1-7-69377,N/A,N/A,N/A,N/A,N/A,N/A,N/A,TRUE,FALSE,N/A,N/A,N/A,N/A,N/A,N/A,N/A
,PLN-91,GMG,GUMERCINDO DE LA FUENTE RODRIGUEZ,LOGISTICA,FULL,2,8,36.5 TONS,ROJO,PLATAFORMA,JR RAMIRO,2022,3S9P440B3N1019165,93UH5D,N/A,2592752,,,,,"MATERIALES, RESIDUOS REMANENTES Y DESECHOS PELIGROSOS",,VIGENTE,21/2/2024,,N/A,,TRUE,N/A,N/A,,,,,SEGUROS ATLAS,AMPARADA POR TRACTOCAMIÓN,Y00-1-7-69377,N/A,N/A,N/A,N/A,N/A,N/A,N/A,TRUE,FALSE,N/A,N/A,N/A,N/A,N/A,N/A,N/A
,,CAMA BAJA-PARAISO                                                                                                                                                                                                                                                              CAMA BAJA-PARAISO,,,,,,,,,,,,,,,,,,,,,,,,,,,,,,,,,,,,,,,,,,,,,,,,,,,
,CMB-01,CICSA,SIN ASIGNACIÓN,LOGISTICA,GMG,2,8,30 TONS,ROJO,CAMA BAJA ,INTRAMET,2009,3A9K532ZX9J080012,733UE1,N/A,,,,,,"MATERIALES, RESIDUOS REMANENTES Y DESECHOS PELIGROSOS",,,,,,,TRUE,N/A,N/A,,,,,SEGUROS ATLAS,AMPARADA POR TRACTOCAMIÓN,Y00-1-7-69377,N/A,N/A,N/A,N/A,N/A,N/A,N/A,TRUE,TRUE,N/A,N/A,N/A,N/A,N/A,N/A,N/A
,,PETROLERO - BASE PARAISO                                                                                                                                                                                                                                                              PETROLERO - BASE PARAISO,,,,,,,,,,,,,,,,,,,,,,,,,,,,,,,,,,,,,,,,,,,,,,,,,,,
,PTL-01,CICSA,SIN ASIGNACIÓN,LOGISTICA,GMG,3,12,60 TONS,ROJO,PETROLERITO,GONDOLAS Y REMOLQUES HEVISA,2013,3G963ACP0D1030027,406TZ6,N/A,1298093,,,,,CARGA GENERAL,,VIGENTE ,16/2/2024,,N/A,,TRUE,N/A,N/A,,,,,SEGUROS ATLAS,AMPARADA POR TRACTOCAMIÓN,Y00-1-7-69377,N/A,N/A,N/A,N/A,N/A,N/A,N/A,TRUE,FALSE,N/A,N/A,N/A,N/A,N/A,N/A,N/A
,PTL-02,CICSA,,LOGISTICA,GMG,3,,60 TONS,ROJO,PETROLERITO,GONDOLAS Y REMOLQUES HEVISA,2014,3G963ACP0E1030062,420UP6,N/A,,,,,,CARGA GENERAL,,,,,,,TRUE,N/A,N/A,,,,,SEGUROS ATLAS,AMPARADA POR TRACTOCAMIÓN,Y00-1-7-69377,N/A,N/A,N/A,N/A,N/A,N/A,N/A,TRUE,FALSE,N/A,N/A,N/A,N/A,N/A,N/A,N/A
,PTL-03,CICSA,,LOGISTICA,GMG,3,,60 TONS,ROJO,PETROLERITO,GONDOLAS Y REMOLQUES HEVISA,2014,3G963ACP3E1030041,405TZ6,N/A,,,,,,CARGA GENERAL,,,,,,,TRUE,N/A,N/A,,,,,SEGUROS ATLAS,AMPARADA POR TRACTOCAMIÓN,Y00-1-7-69377,N/A,N/A,N/A,N/A,N/A,N/A,N/A,TRUE,FALSE,N/A,N/A,N/A,N/A,N/A,N/A,N/A
,PTL-06,GMG,ARMANDO GUADALUPE HERNANDEZ SOLAIS,LOGISTICA,GMG,3,12,39 TONS,ROJO,PETROLERITO,RAMIRO,2018,3S9B453C1J1019034,72UD7B,N/A,,,,,,"MATERIALES, RESIDUOS REMANENTES Y DESECHOS PELIGROSOS",,VIGENTE ,4/4/2023,,,,TRUE,N/A,N/A,,,,,SEGUROS ATLAS,AMPARADA POR TRACTOCAMIÓN,Y00-1-7-69377,N/A,N/A,N/A,N/A,N/A,N/A,N/A,TRUE,FALSE,N/A,N/A,N/A,N/A,N/A,N/A,N/A
,,LOWBOY - BASE PARAISO                                                                                                                                                                                                                                                                     LOWBOY - BASE PARAISO ,,,,,,,,,,,,,,,,,,,,,,,,,,,,,,,,,,,,,,,,,,,,,,,,,,,
,LWB-02,CICSA,SIN ASIGNACIÓN,LOGISTICA,GMG,2,8,100 TONS,ROJO,LOW-BOY ABATIBLE,CONCAR,2013,3C9A42583DM127003,375TZ6,N/A,,,,,,OBJETOS VOLUMINOSOS Y DE GRAN TAMAÑO,,VIGENTE ,16/2/2024,,,,,N/A,N/A,,,,,SEGUROS ATLAS,AMPARADA POR TRACTOCAMIÓN,Y00-1-7-69377,N/A,N/A,N/A,N/A,N/A,N/A,N/A,TRUE,FALSE,N/A,N/A,N/A,N/A,N/A,N/A,N/A
,LWB-04,CICSA,SIN ASIGNACIÓN,LOGISTICA,GMG,3,12,30 TONS,ROJO,LOW-BOY ABATIBLE,ALCALA,2007,3S9CM48707A031016,566WB5,N/A,,,,,,CARGA GENERAL,,VIGENTE ,16/2/2024,,,,,N/A,N/A,,,,,SEGUROS ATLAS,AMPARADA POR TRACTOCAMIÓN,Y00-1-7-69377,N/A,N/A,N/A,N/A,N/A,N/A,N/A,TRUE,FALSE,N/A,N/A,N/A,N/A,N/A,N/A,N/A
,,          TRACTOCAMIONES-FULL BASE PARAISO                         TRACTOCAMIONES-FULL BASE PARAISO                                       TRACTOCAMIONES-FULL BASE PARAISO                                                               TRACTOCAMIONES-FULL BASE PARAISO                                                                                                                                       TRACTOCAMIONES-FULL BASE PARAISO                                                 ,,,,,,,,,,,,,,,,,,,,,,,,,,,,,,,,,,,,,,,,,,,,,,,,,,,
,T-02,CICSA,,LOGISTICA,FULL,3,10,26 TONS,ROJO,TRACTOCAMION,KENWORTH T-800,2013,3WKDD40X3DF847632,811-AN-3,,,,,,,"MATERIALES, RESIDUOS REMANENTES Y DESECHOS PELIGROSOS",,,,,,,,N/A,N/A,,,,,SEGUROS ATLAS,1/1/2026,Y00-1-7-69377,EN TRAMITE,EN TRAMITE,EN TRAMITE,,,,,,,31/12/2024,,,,,,
,T-03,CICSA,,LOGISTICA,FULL,3,10,26 TONS,ROJO,TRACTOCAMION,KENWORTH T-800,2013,3WKDD40X5DF847633,810-AN-3,,,,,,,"MATERIALES, RESIDUOS REMANENTES Y DESECHOS PELIGROSOS",,,,,,,,N/A,N/A,,,,,SEGUROS ATLAS,1/1/2026,Y00-1-7-69377,EN TRAMITE,EN TRAMITE,EN TRAMITE,,,,,,,31/12/2024,,,,,,
,T-04,CICSA,,LOGISTICA,FULL,3,10,26 TONS,ROJO,TRACTOCAMION,KENWORTH T-800,2014,3WKDD40X2EF852225,331-EP-4,,,,,,,"MATERIALES, RESIDUOS REMANENTES Y DESECHOS PELIGROSOS",,,,,,,,N/A,N/A,,,,,SEGUROS ATLAS,1/1/2026,Y00-1-7-69377,EN TRAMITE,EN TRAMITE,EN TRAMITE,,,,,,,31/12/2024,,,,,,
,T-06,GMG,,LOGISTICA,FULL,3,10,26 TONS,ROJO,TRACTOCAMION,KENWORTH T-800,2014,3WKDD40X1EF850739,315-EP-4,,,,,,,"MATERIALES, RESIDUOS REMANENTES Y DESECHOS PELIGROSOS",,,,,,,,N/A,N/A,,,,,SEGUROS ATLAS,1/1/2026,Y00-1-7-69377,TRUE,EN TRAMITE,EN TRAMITE,,,,,,,31/12/2024,,,,,,
,T-09,CICSA,,LOGISTICA,FULL,3,10,24 TONS,ROJO,TRACTOCAMION,KENWORTH T-800B,2009,3WKAD40X29F825969,588-AE-6,,,,,,,"MATERIALES, RESIDUOS REMANENTES Y DESECHOS PELIGROSOS",,,,,,,,N/A,N/A,,,,,SEGUROS ATLAS,1/1/2026,Y00-1-7-69377,N/A,N/A,N/A,,,,,,,31/12/2024,,,,,,
,T-14,CICSA,,LOGISTICA,FULL,3,10,24 TONS,ROJO,TRACTOCAMION,KENWORTH T 800B,2009,3WKAD40X89F825782,592-AE-6,,,,,,,"MATERIALES, RESIDUOS REMANENTES Y DESECHOS PELIGROSOS",,,,,,,,N/A,N/A,,,,,SEGUROS ATLAS,1/1/2026,Y00-1-7-69377,N/A,N/A,N/A,,,,,,,31/12/2024,,,,,,
,T-19,CICSA,,LOGISTICA,FULL,3,10,24 TONS,ROJO,TRACTOCAMION,KENWORTH-T800B,2009,3WKDD40XX9F826266,583-AE-6,,,,,,,"MATERIALES, RESIDUOS REMANENTES Y DESECHOS PELIGROSOS",,,,,,,,N/A,N/A,,,,,SEGUROS ATLAS,1/1/2026,Y00-1-7-69377,,,,,,,,,,31/12/2024,,,,,,
,T-21,CICSA,,LOGISTICA,FULL,3,10,26 TONS,ROJO,TRACTOCAMION,KENWORTH T-800B,2014,3WKDD40X3EF852220,596-EV-3,,,,,,,"MATERIALES, RESIDUOS REMANENTES Y DESECHOS PELIGROSOS",,,,,,,,N/A,N/A,,,,,SEGUROS ATLAS,1/1/2026,Y00-1-7-69377,EN TRAMITE,EN TRAMITE,EN TRAMITE,,,,,,,31/12/2024,,,,,,
,T-22,CICSA,,LOGISTICA,FULL,3,10,26 TONS,ROJO,TRACTOCAMION,KENWORTH T-660,2014,3WKDD40X5EF852221,335-EP-4,,,,,,,"MATERIALES, RESIDUOS REMANENTES Y DESECHOS PELIGROSOS",,,,,,,,N/A,N/A,,,,,SEGUROS ATLAS,1/1/2026,Y00-1-7-69377,EN TRAMITE,EN TRAMITE,EN TRAMITE,,,,,,,31/12/2024,,,,,,
,T-28,CICSA,,LOGISTICA,FULL,3,10,17 TONS,ROJO,TRACTOCAMION,KENWORTH T-660,2007,3WKDDB0X47F805858,899-DW-9,,,,,,,"MATERIALES, RESIDUOS REMANENTES Y DESECHOS PELIGROSOS",,,,,,,,N/A,N/A,,,,,SEGUROS ATLAS,1/1/2026,Y00-1-7-69377,N/A,N/A,N/A,,,,,,,31/12/2024,,,,,,
,T-33,GMG,,LOGISTICA,FULL,3,10,26 TONS,ROJO,TRACTOCAMION,KENWORTH T-660,2014,3WKAD40X6EF850741,312-EP-4,,,,,,,"MATERIALES, RESIDUOS REMANENTES Y DESECHOS PELIGROSOS",,,,,,,,N/A,N/A,,,,,SEGUROS ATLAS,1/1/2026,Y00-1-7-69377,TRUE,EN TRAMITE,EN TRAMITE,,,,,,,31/12/2024,,,,,,
,T-34,GMG,,LOGISTICA,FULL,3,10,26 TONS,ROJO,TRACTOCAMION,KENWORTH T-800B,2014,3WKAD40X8EF850742,314-EP-4,,,,,,,"MATERIALES, RESIDUOS REMANENTES Y DESECHOS PELIGROSOS",,,,,,,,N/A,N/A,,,,,SEGUROS ATLAS,1/1/2026,Y00-1-7-69377,TRUE,EN TRAMITE,EN TRAMITE,,,,,,,31/12/2024,,,,,,
,T-35,CICSA,,LOGISTICA,FULL,3,10,26 TONS,ROJO,TRACTOCAMION,KENWORTH T-800B,2014,3WKDD40X0EF852224,332-EP-4,,,,,,,"MATERIALES, RESIDUOS REMANENTES Y DESECHOS PELIGROSOS",,,,,,,,N/A,N/A,,,,,SEGUROS ATLAS,1/1/2026,Y00-1-7-69377,EN TRAMITE,EN TRAMITE,EN TRAMITE,,,,,,,31/12/2024,,,,,,
,T-36,CICSA,,LOGISTICA,FULL,3,10,26 TONS,ROJO,TRACTOCAMION,KENWORTH T-800B,2014,3WKDD40X7EF852222,334-EP-4,,,,,,,"MATERIALES, RESIDUOS REMANENTES Y DESECHOS PELIGROSOS",,,,,,,,N/A,N/A,,,,,SEGUROS ATLAS,1/1/2026,Y00-1-7-69377,EN TRAMITE,EN TRAMITE,EN TRAMITE,,,,,,,31/12/2024,,,,,,
,T-74,CICSA,,LOGISTICA,FULL,3,10,26 TONS,ROJO,TRACTOCAMION,KENWORTH T-660,2013,3WKAD40X0DF840169,645-AH-4,,,,,,,"MATERIALES, RESIDUOS REMANENTES Y DESECHOS PELIGROSOS",,,,,,,,N/A,N/A,,,,,SEGUROS ATLAS,1/1/2026,Y00-1-7-69377,EN TRAMITE,EN TRAMITE,EN TRAMITE,,,,,,,31/12/2024,,,,,,
,T-80,GMG,,LOGISTICA,FULL,3,10,26 TONS,ROJO,TRACTOCAMION,FREIGHTLINER CASCADIA,2022,3AKJHHD12NSNE5808,48A-S9-R,,,,,,,"MATERIALES, RESIDUOS REMANENTES Y DESECHOS PELIGROSOS",,,,,,,,N/A,N/A,,,,,SEGUROS ATLAS,1/1/2026,Y00-1-7-69377,TRUE,EN TRAMITE,EN TRAMITE,,,,,,,31/12/2024,,,,,,
,T-81,GMG,,LOGISTICA,FULL,3,10,26 TONS,ROJO,TRACTOCAMION,FREIGHTLINER CASCADIA,2022,3AKJHHD14NSNE5809,47A-S9-R,,,,,,,"MATERIALES, RESIDUOS REMANENTES Y DESECHOS PELIGROSOS",,,,,,,,N/A,N/A,,,,,SEGUROS ATLAS,1/1/2026,Y00-1-7-69377,TRUE,EN TRAMITE,EN TRAMITE,,,,,,,31/12/2024,,,,,,
,T-82,GMG,,LOGISTICA,FULL,3,10,26 TONS,ROJO,TRACTOCAMION,FREIGHTLINER CASCADIA,2022,3AKJHHD10NSNE5810,46A-S9-R,,,,,,,"MATERIALES, RESIDUOS REMANENTES Y DESECHOS PELIGROSOS",,,,,,,,N/A,N/A,,,,,SEGUROS ATLAS,1/1/2026,Y00-1-7-69377,TRUE,EN TRAMITE,EN TRAMITE,,,,,,,31/12/2024,,,,,,
,,GRUAS BASE PARAISO                                                                                                                                                                                                                                                              GRUAS BASE PARAISO,,,,,,,,,,,,,,,,,,,,,,,,,,,,,,,,,,,,,,,,,,,,,,,,,,,
,G-28,CICSA,JUAN LUIS OLAN ALEJANDRO,LOGISTICA,SLB/BAKER,N/A,4,80 TONS,AMARILLO,GRUA TELESCÓPICA,GROVE RT 880 E,2014,234693,N/A,,,,,,,N/A,,,,,,,si,80 TONS,3/2/2024,N/A,N/A,N/A,N/A,SEGUROS ATLAS,1/1/2026,Y00-1-7-69377,N/A,N/A,N/A,,,,,TRUE,FALSE,N/A,N/A,N/A,N/A,N/A,N/A,N/A
,G-09,CICSA,ALGEMIRO LEON SANTOS,LOGISTICA,SLB/BAKER,4,8,110 TONS,AMARILLO,GRUA TELESCÓPICA,GROVE TMS-9000E ,2013,233187,N/A,,,,,,,N/A,,,,,,,si,110 TONS,5/5/2023,N/A,N/A,N/A,N/A,SEGUROS ATLAS,1/1/2026,Y00-1-7-69377,N/A,N/A,N/A,,,,,TRUE,FALSE,N/A,N/A,N/A,N/A,N/A,N/A,N/A
,,"MONTACARGA, MANLIFT BASE PARAISO                                                                                                                                                                                                                                                              MONTACARGA, MANLIFT BASE PARAISO ",,,,,,,,,,,,,,,,,,,,,,,,,,,,,,,,,,,,,,,,,,,,,,,,,,,
,JLG-01,CICSA,INOCENTE PEREZ CORDOVA,LOGISTICA,DIAVAZ,N/A,4,.5 TONS,NARANJA,MANLIFT,JLG,2014,300188844,N/A,,,,,,,,,N/A,,,N/A,,,.230 TONS,5/5/2023,N/A,N/A,N/A,N/A,,1/1/2024,,N/A,N/A,N/A,,,,N/A,N/A,,N/A,,,,,,
,MTC-01,CICSA,UNIDAD EN APOYO A PROYECTOS DE  CICSA,LOGISTICA,CICSA,N/A,4,4.5 TONS,VERDE,MONTACARGA,CLARK,2018,CMP450D-1661-9588KF,N/A,,,,,,,,,,,,,,,4.5 TONS,N/A,N/A,N/A,N/A,N/A,,1/1/2024,,N/A,N/A,N/A,,,,N/A,N/A,,N/A,,,,,,
,, UNIDADES UTILITARIOS Y PILOTOS PARAISO                                                                                                                                                                                                                                                              UNIDADES UTILITARIOS Y PILOTOS PARAISO ,,,,,,,,,,,,,,,,,,,,,,,,,,,,,,,,,,,,,,,,,,,,,,,,,,,
,AT-01,CICSA,JOSE GUADALUPE ,LOGISTICA,GMG,N/A,4,N/A,AMARILLO,CAMIONETA PICK UP 4 PUERTA,TOYOTA,2013,MR0EX32G5D0253691,VT2294A,2TR7412337,D3725972,,N/A,N/A,N/A,N/A,,N/A,N/A,,N/A,N/A,,N/A,N/A,N/A,N/A,N/A,N/A,,1/1/2025,Y00-1-7-61488,N/A,TRUE,1/4/2023,,,,,,,N/A,,,,,,
,A-12,CICSA,UNIDAD FUERA DE SERVICIO,LOGISTICA,GMG,N/A,4,N/A,ROJO,CAMIONETA PICK UP CABINA Y MEDIA,FORD LOBO F-150,2010,1FTEX1CW1AKA47597,CR-45-356,,,,N/A,N/A,N/A,N/A,,N/A,N/A,,N/A,N/A,,N/A,N/A,N/A,N/A,N/A,N/A,,1/1/2025,Y00-1-7-61488,N/A,N/A,N/A,,,,,,,N/A,,,,,,
,A-03,GMG,UNIDAD FUERA DE SERVICIO,LOGISTICA,GMG,N/A,4,N/A,ROJO,AUTOMOVIL,NISSAN VERSA,2018,3N1CN7AD3JK414587,DFS-232-B,,,,N/A,N/A,N/A,N/A,,N/A,N/A,,N/A,N/A,,N/A,N/A,N/A,N/A,N/A,N/A,,1/1/2025,Y00-1-7-61488,N/A,N/A,N/A,,,,3/5/2024,,,N/A,,,,,,
,A-07,GMG,UNIDAD FUERA DE SERVICIO,LOGISTICA,GMG,N/A,4,N/A,AMARILLO,CAMIONETA PICK UP 4 PUERTA,TOYOTA,2014,MR0EX32G8E0258966,CR45346,,,,N/A,N/A,N/A,N/A,,N/A,N/A,,N/A,N/A,,N/A,N/A,N/A,N/A,N/A,N/A,,1/1/2025,Y00-1-7-61488,N/A,FALSE,FALSE,FALSE,FALSE,FALSE,,,,N/A,,,,,,
,A-20,GMG,UNIDAD AL SERVICIO DE OPERACIONES,LOGISTICA,GMG,N/A,4,N/A,AMARILLO,UTILITARIO,CHEVROLET S10,2023,LSFAM3AB2PA050065,CT8930A,HECHO EN CHINA,SVA1307750,04/11/2022,N/A,N/A,N/A,N/A,,N/A,N/A,,N/A,N/A,TRUE,N/A,N/A,,,,,,12-oct-2024,Y00-1-7-61488,PENDIENTE,N/A,N/A,,,,,,,N/A,,,,,,
,A-21,GMG,,LOGISTICA,GMG,N/A,4,N/A,BLANCO,UTILITARIO,CHEVROLET S10,2023,LSFAM3ABXPA051173,CT-8929-A,HECHO EN CHINA,SVA1375192,17/03/2023,N/A,N/A,N/A,N/A,,N/A,N/A,,N/A,N/A,TRUE,N/A,N/A,,,,,,12-oct-2024,Y00-1-7-61488,PENDIENTE,N/A,N/A,,,,,,,N/A,,,,,,
,, UNIDADES TIPO DOLLY   BASE CARMEN                                                                                                                                                                                                                                                                   UNIDADES TIPO DOLLY   BASE CARMEN  ,,,,,,,,,,,,,,,,,,,,,,,,,,,,,,,,,,,,,,,,,,,,,,,,,,,
,DOLLY-01,CICSA,,LOGISTICA,CICSA,2,8,N/A,ROJO,DOLLY,RODRIGUEZ Y RODRIGUEZ,2008,3F9D112B28R012202,N/A,,,,,,,,,VIGENTE,16/3/2023,,N/A,N/A,N/A,N/A,N/A,N/A,N/A,N/A,N/A,N/A,N/A,N/A,N/A,N/A,N/A,N/A,N/A,N/A,N/A,N/A,N/A,N/A,N/A,N/A,N/A,N/A,N/A,N/A
,DOLLY-02,CICSA,,LOGISTICA,CICSA,2,8,N/A,ROJO,DOLLY,RODRIGUEZ Y RODRIGUEZ,2010,3F9D112B28R012263,,,,,,,,,,VIGENTE,8/6/2023,,N/A,N/A,N/A,N/A,N/A,N/A,N/A,N/A,N/A,N/A,N/A,N/A,N/A,N/A,N/A,N/A,N/A,N/A,N/A,N/A,N/A,N/A,N/A,N/A,N/A,N/A,N/A,N/A
,DOLLY-03,CICSA,,LOGISTICA,CICSA,2,8,N/A,ROJO,DOLLY,ATRO,2016,3T73HMS42G2002884,,,,,,,,,,VIGENTE,16/3/2023,,N/A,N/A,N/A,N/A,N/A,N/A,N/A,N/A,N/A,N/A,N/A,N/A,N/A,N/A,N/A,N/A,N/A,N/A,N/A,N/A,N/A,N/A,N/A,N/A,N/A,N/A,N/A,N/A
,DOLLY-06,CICSA,,LOGISTICA,CICSA,2,8,N/A,ROJO,DOLLY,ATRO,2017,3EM5DMS43H6000126,,,,,,,,,,VIGENTE,16/6/2023,,N/A,N/A,N/A,N/A,N/A,N/A,N/A,N/A,N/A,N/A,N/A,N/A,N/A,N/A,N/A,N/A,N/A,N/A,N/A,N/A,N/A,N/A,N/A,N/A,N/A,N/A,N/A,N/A
,DOLLY-07,CICSA,,LOGISTICA,CICSA,2,8,N/A,ROJO,DOLLY,ATRO,2017,3EM5DMS43H6000141,,,,,,,,,,VIGENTE,4/4/2023,,N/A,N/A,N/A,N/A,N/A,N/A,N/A,N/A,N/A,N/A,N/A,N/A,N/A,N/A,N/A,N/A,N/A,N/A,N/A,N/A,N/A,N/A,N/A,N/A,N/A,N/A,N/A,N/A
,DOLLY-08,GMG,,LOGISTICA,CICSA,2,8,N/A,ROJO,DOLLY,ATRO,2017,3EM5DMS41J6002690,,,,,,,,,,VIGENTE,16/3/2023,,N/A,N/A,N/A,N/A,N/A,N/A,N/A,N/A,N/A,N/A,N/A,N/A,N/A,N/A,N/A,N/A,N/A,N/A,N/A,N/A,N/A,N/A,N/A,N/A,N/A,N/A,N/A,N/A
,DOLLY-09,GMG,,LOGISTICA,CICSA,2,8,N/A,ROJO,DOLLY,ATRO,2018,3EMDHMS41N6000637,,,,,,,,,,VIGENTE,15/6/2023,,N/A,N/A,N/A,N/A,N/A,N/A,N/A,N/A,N/A,N/A,N/A,N/A,N/A,N/A,N/A,N/A,N/A,N/A,N/A,N/A,N/A,N/A,N/A,N/A,N/A,N/A,N/A,N/A
,DOLLY-10,GMG,,LOGISTICA,CICSA,2,8,N/A,ROJO,DOLLY,ATRO,2022,3EMDHMS41N6000638,,,,,,,,,,UNIDAD NUEVA,15/6/2023,,N/A,N/A,N/A,N/A,N/A,N/A,N/A,N/A,N/A,N/A,N/A,N/A,N/A,N/A,N/A,N/A,N/A,N/A,N/A,N/A,N/A,N/A,N/A,N/A,N/A,N/A,N/A,N/A
,DOLLY-11,GMG,,LOGISTICA,CICSA,2,8,N/A,ROJO,DOLLY,RAMIRO,2022,3S9D112BXN1019011,,,,,,,,,,UNIDAD NUEVA,27/6/2023,,N/A,N/A,N/A,N/A,N/A,N/A,N/A,N/A,N/A,N/A,N/A,N/A,N/A,N/A,N/A,N/A,N/A,N/A,N/A,N/A,N/A,N/A,N/A,N/A,N/A,N/A,N/A,N/A
,DOLLY-12,GMG,,LOGISTICA,CICSA,2,8,N/A,ROJO,DOLLY,RAMIRO,2022,3S9D112B1N1019012,,,,,,,,,,UNIDAD NUEVA,4/4/2023,,N/A,N/A,N/A,N/A,N/A,N/A,N/A,N/A,N/A,N/A,N/A,N/A,N/A,N/A,N/A,N/A,N/A,N/A,N/A,N/A,N/A,N/A,N/A,N/A,N/A,N/A,N/A,N/A
,DOLLY-13,GMG,,LOGISTICA,CICSA,2,8,N/A,ROJO,DOLLY,RAMIRO,2022,3S9D112B3N1019013,,,,,,,,,,UNIDAD NUEVA,4/4/2023,,N/A,N/A,N/A,N/A,N/A,N/A,N/A,N/A,N/A,N/A,N/A,N/A,N/A,N/A,N/A,N/A,N/A,N/A,N/A,N/A,N/A,N/A,N/A,N/A,N/A,N/A,N/A,N/A
,DOLLY-14,GMG,,LOGISTICA,CICSA,2,8,N/A,ROJO,DOLLY,RAMIRO,2022,3S9D112B5N1019014,,,,,,,,,,UNIDAD NUEVA,4/4/2023,,N/A,N/A,N/A,N/A,N/A,N/A,N/A,N/A,N/A,N/A,N/A,N/A,N/A,N/A,N/A,N/A,N/A,N/A,N/A,N/A,N/A,N/A,N/A,N/A,N/A,N/A,N/A,N/A
,DOLLY-15,GMG,,LOGISTICA,CICSA,2,8,N/A,ROJO,DOLLY,RAMIRO,2022,3S9D112B8N1019041,,,,,,,,,,UNIDAD NUEVA,5/4/2023,,N/A,N/A,N/A,N/A,N/A,N/A,N/A,N/A,N/A,N/A,N/A,N/A,N/A,N/A,N/A,N/A,N/A,N/A,N/A,N/A,N/A,N/A,N/A,N/A,N/A,N/A,N/A,N/A
,DOLLY-16,GMG,,LOGISTICA,CICSA,2,8,N/A,ROJO,DOLLY,RAMIRO,2022,3S9D112B3N1019058,,,,,,,,,,UNIDAD NUEVA,5/4/2023,,N/A,N/A,N/A,N/A,N/A,N/A,N/A,N/A,N/A,N/A,N/A,N/A,N/A,N/A,N/A,N/A,N/A,N/A,N/A,N/A,N/A,N/A,N/A,N/A,N/A,N/A,N/A,N/A
,DOLLY-17,GMG,,LOGISTICA,CICSA,2,8,N/A,ROJO,DOLLY,RAMIRO,2022,3S9D112B5N1019059,,,,,,,,,,UNIDAD NUEVA,5/4/2023,,N/A,N/A,N/A,N/A,N/A,N/A,N/A,N/A,N/A,N/A,N/A,N/A,N/A,N/A,N/A,N/A,N/A,N/A,N/A,N/A,N/A,N/A,N/A,N/A,N/A,N/A,N/A,N/A
,DOLLY-18,GMG,,LOGISTICA,CICSA,2,8,N/A,ROJO,DOLLY,RAMIRO,2022,3S9D112B1N1019060,,,,,,,,,,UNIDAD NUEVA,5/4/2023,,N/A,N/A,N/A,N/A,N/A,N/A,N/A,N/A,N/A,N/A,N/A,N/A,N/A,N/A,N/A,N/A,N/A,N/A,N/A,N/A,N/A,N/A,N/A,N/A,N/A,N/A,N/A,N/A
,DOLLY-19,GMG,,LOGISTICA,CICSA,2,8,N/A,ROJO,DOLLY,RAMIRO,2022,3S9D112B3N1019061,,,,,,,,,,UNIDAD NUEVA,CONSTANCIA,,N/A,N/A,N/A,N/A,N/A,N/A,N/A,N/A,N/A,N/A,N/A,N/A,N/A,N/A,N/A,N/A,N/A,N/A,N/A,N/A,N/A,N/A,N/A,N/A,N/A,N/A,N/A,N/A